time_s,numerical_displacement_mm,exact_displacement_mm,velocity_m_per_s,mount_load_N,energy_J,damping_power_W
0.0,10.0,10.0,0.0,40.0,0.2,0.0
0.002,9.992011722666666,9.992011720913442,-0.007981892245333333,39.808409045759994,0.19999914955089673,0.0012742120763222478
0.004,9.96810217563678,9.968102171473747,-0.015919176874978506,39.55402516504755,0.1999932229297537,0.005068403847537009
0.006,9.928373090557562,9.928373083342034,-0.02379935936341425,39.23750517496196,0.19997723198115971,0.01132819012217867
0.008,9.87295105029926,9.872951039404448,-0.03161008623217557,38.85960247655353,0.1999463126412384,0.019983951032111515
0.01,9.80198718764771,9.801987172464656,-0.03933916421024872,38.421165466385865,0.19989575485742428,0.03095139681521827
0.012,9.715656846003519,9.715656825942999,-0.04697457906219177,37.92313580277024,0.1998210312889406,0.044132221561402105
0.014,9.614159202781304,9.614159177275635,-0.054504514055246596,37.36654653002028,0.19971782461484175,0.05941484104797148
0.016,9.497716856259133,9.497716824763954,-0.06191736803739881,36.75252006428856,0.1995820532867312,0.0766752092935739
0.018000000000000002,9.366575376683715,9.366575338679668,-0.06920177309907559,36.08226604475335,0.19940989557447503,0.09577770800111884
0.02,9.221002822490755,9.221002777485117,-0.07634661179194498,35.35707905412412,0.1991978117653147,0.11657610264219903
0.022,9.061289222552103,9.061289170080338,-0.08334103387909331,34.578336212626546,0.19894256438965868,0.13891455856072357
0.024,8.887746025411975,8.887745965039189,-0.09017447259170833,33.74749464981373,0.19864123636041647,0.1626287101438551
0.026000000000000002,8.700705516523358,8.70070544784571,-0.09683666036828277,32.86608885872778,0.19829124692693073,0.18754677582564294
0.028,8.5005202045428,8.500520127188787,-0.10331764405327509,31.9357279371057,0.197890365359277,0.21349071145438497
0.03,8.287562177786915,8.287562091418593,-0.10960779953311915,30.95809272048528,0.19743672229383058,0.24027739436984868
0.032,8.062222431997212,8.062222336311322,-0.11569784578846125,29.93493281221962,0.19692881868645085,0.2677198304018112
0.034,7.824910170601057,7.824910065330058,-0.12157885834251926,28.868063515553843,0.19636553233530354,0.2956283759174073
0.036000000000000004,7.5760520786957795,7.576051963608785,-0.12724228208650298,27.759362673053058,0.19574612195112728,0.32381196701162396
0.038,7.316091572019946,7.316091446923558,-0.1326799434641056,26.61076741879767,0.1950702287685539,0.35207934795276524
0.04,7.045488022210758,7.045487886949812,-0.13788406199817113,25.424270848879612,0.19433787570780803,0.38024029106231
0.042,6.764715959679183,6.764715814137386,-0.1428472611437605,24.20191861584152,0.19354946411164506,0.40810680032547425
0.044,6.474264255464846,6.474264099565322,-0.14756257845297752,22.945805452799835,0.1927057680976353,0.4354942911938229
0.046,6.17463528346085,6.17463511716656,-0.15202347503807287,21.658071633081942,0.1918079265807771,0.4622227392530313
0.048,5.866344064424448,5.866343887738531,-0.156223844320519,20.34089937128741,0.1908574330358247,0.48811779068563516
0.05,5.549917393212982,5.549917206178984,-0.16015802005493743,18.99650917175318,0.18985612308256464,0.5130118277583547
0.052000000000000005,5.225892950705463,5.225892753407447,-0.1638207836179623,17.627156130462605,0.18880615999048223,0.5367449829040645
0.054,4.894818401888847,4.894818194451421,-0.16720737055333734,16.235126196488643,0.1877100182117447,0.5591660953472213
0.056,4.557250481604223,4.557250264192439,-0.1703134763657656,14.822732399101579,0.18657046506312486,0.5801336046358441
0.058,4.213754069461855,4.213753842281025,-0.17313526155726022,13.392311046702215,0.18539054068831723,0.5995163758900182
0.06,3.864901255445309,3.8649010187407016,-0.17566935590097948,11.946217903761646,0.18417353644201043,0.6171944520532999
0.062,3.511270397733682,3.5112701517901233,-0.1779128619487664,10.4868243519594,0.18292297184600576,0.6330597289360163
0.064,3.1534451742772607,3.1534449194186296,-0.17986335776985196,9.016513541712003,0.18164257027557393,0.6470165493649154
0.066,2.7920136296658025,2.79201336625442,-0.1815188989194183,7.537676540274844,0.1803362335410692,0.6589822132983599
0.068,2.427567218829993,2.427566947265922,-0.1828780196369536,6.0527084825809006,0.17900801553554593,0.6688874013266798
0.07,2.0606998491155313,2.060699569835771,-0.18393973327555993,4.564004730950927,0.1776620951237102,0.6766765095496826
0.07200000000000001,1.6920069222657639,1.6920066357433476,-0.18470353196459852,3.073957049771085,0.17630274845097788,0.6823078944039493
0.074,1.3220843778427895,1.3220840845857953,-0.18516938550927198,1.5849498011857186,0.17493432085367883,0.6857540265976276
0.076,0.9515277396085627,0.9515274401590191,-0.18533773953194604,0.0993561677953303,0.17356119855254654,0.6870015538962295
0.078,0.5809311663767149,0.5809308613094255,-0.1852095128612059,-1.3804655917172584,0.1721877803115616,0.6860512730857039
0.08,0.2108865088326496,0.2108861987539335,-0.1847860941758183,-2.8521758481857673,0.17081844924298717,0.6829180120150877
0.082,-0.15801762619604157,-0.15801794064969954,-0.18406933791193228,-4.313457263022812,0.1694575449370628,0.6776304231867422
0.084,-0.525196802554604,-0.5251971207179813,-0.18306155944299446,-5.762018399078306,0.16810933609133213,0.6702306909140199
0.08600000000000001,-0.8900716712174315,-0.8900719923980751,-0.18176552954297737,-7.195597275729273,0.1667779938100025,0.6607741546007796
0.088,-1.252068874963808,-1.252069198443613,-0.1801844681446223,-8.611964862747678,0.16546756573810834,0.6493288512112082
0.09,-1.6106219398757116,-1.6106222649125759,-0.17832203740547625,-10.00892850761237,0.16418195118861836,0.6359749804888014
0.092,-1.9651721522869263,-1.9651724781164712,-0.17618233409555709,-11.384335291058846,0.16292487741304054,0.6208042969471699
0.094,-2.3151694198414186,-2.3151697456787663,-0.17376988132150872,-12.736075305795849,0.16169987715759385,0.6039194330898245
0.096,-2.6600731153496455,-2.66007344039126,-0.17108961960310823,-14.062084853460746,0.1605102676376933,0.5854331587187255
0.098,-2.9993529021641794,-2.9993532255897675,-0.16814689731895738,-15.360349555035866,0.15935913105340135,0.5654675815598399
0.1,-3.3324895398306387,-3.332489860805094,-0.16494746053913129,-16.628907370105182,0.15824929675770258,0.5441532947661654
0.10200000000000001,-3.6589756688063586,-3.6589759864817553,-0.1614974422634645,-17.865851520494726,0.1571833251780391,0.5216284771528209
0.10400000000000001,-3.9783165730775027,-3.9783168865951395,-0.1578033510850292,-19.069333314010596,0.15616349357957116,0.49803795227329967
0.106,-4.290030919545251,-4.290031228037714,-0.1538720592992001,-20.23756486416501,0.1551917837461913,0.473532212659531
0.108,-4.5936514730933,-4.593651775686577,-0.14971079047950406,-21.36882170196328,0.1542698716424943,0.4482664157199593
0.11,-4.888725786292094,-4.888726082107706,-0.1453271065422195,-22.461445276012764,0.15339911910678258,0.42239935791867234
0.112,-5.17481686273986,-5.174817150897015,-0.14072889432241886,-23.513845337407815,0.1525805676118463,0.39609243394421073
0.114,-5.451503793086594,-5.451504072704382,-0.1359243516848372,-24.52450220604312,0.1518149341167916,0.3695085876188662
0.116,-5.718382362834596,-5.718382633034161,-0.1309219731935991,-25.491968915210368,0.15110260901968298,0.3428112612981097
0.11800000000000001,-5.975065631057791,-5.975065890964538,-0.12573053536544443,-26.414873231540053,0.15044365620730243,0.31616335046562544
0.12,-6.221184479231978,-6.221184727977779,-0.12035908153166035,-27.29191954756112,0.149837815184998,0.28972617014289725
0.122,-6.456388129419034,-6.45638836614443,-0.11481690633445085,-28.121890644365152,0.14928450525647632,0.2636584396042812
0.124,-6.68034463110012,-6.680344854956516,-0.1091135398839561,-28.903649322079602,0.14878283171057477,0.23811529172015355
0.126,-6.8927413160057265,-6.892741526157579,-0.1032587316025711,-29.636139896074326,0.14833159395960377,0.21324731304343628
0.128,-7.093285220344189,-7.093285415971178,-0.0972624337836059,-30.318389557048874,0.14792929556185824,0.18919962051020645
0.13,-7.281703473884637,-7.281703654183818,-0.09113478489167796,-30.949509593372106,0.14757415604942925,0.1661109803450483
0.132,-7.45774365540554,-7.457743819593461,-0.08488609263252997,-31.52869647427276,0.14726412447157547,0.14411297444836918
0.134,-7.621174114075571,-7.621174261390378,-0.07852681682022415,-32.05523279270677,0.1469968945536963,0.12332921919834078
0.136,-7.7717842563897,-7.771784386093187,-0.07206755206987625,-32.52848806695633,0.14676992136245523,0.1038746412268865
0.138,-7.909384798339888,-7.909384909719526,-0.06551901034425797,-32.94791940024471,0.14658043935887513,0.08585481432981967
0.14,-8.033807982556556,-8.033808074927457,-0.058892003382717405,-33.31307199788058,0.14642548171332886,0.06936536124859996
0.14200000000000002,-8.144907760213979,-8.144907832920833,-0.05219742504094088,-33.62357954167473,0.14630190074931101,0.054491423618092845
0.14400000000000002,-8.242559937549842,-8.242559989968791,-0.04544623357010854,-33.87916442160154,0.14620638937674763,0.04130720291417721
0.146,-8.326662286906279,-8.32666231844673,-0.03864943386397834,-34.07963782490468,0.1461355033704048,0.02987557476012071
0.148,-8.39713462225675,-8.397134632363134,-0.03181805970237078,-34.22489968307442,0.14608568434472421,0.020247778464472628
0.15,-8.453918839239934,-8.453918827393384,-0.0249631560194186,-34.31493847734811,0.14605328327316094,0.0124631831689967
0.152,-8.49697891977841,-8.496978885498397,-0.018095761224792877,-34.3498309036095,0.14603458439784095,0.0065491314860943485
0.154,-8.526300901416137,-8.526300844262016,-0.011226889605919936,-34.329741397782946,0.14602582937409683,0.002520861004470262
0.156,-8.541892811564518,-8.541892731136976,-0.004367513838962097,-34.25492152303731,0.14602324149418278,0.0003815035426705087
0.158,-8.543784566902128,-8.543784462844602,0.00247145236394902,-34.12570922032953,0.1460230498352063,0.00012216153574538398
0.16,-8.532027838227831,-8.532027710227794,0.009279171444065298,-33.94252792403002,0.14602151317803114,0.0017220604537671374
0.162,-8.506695881120958,-8.506695728911142,0.016044898995169057,-33.705885544580454,0.14601494354658642,0.00514877567530354
0.164,-8.467883332815411,-8.467883156174944,0.022758000546132674,-33.41637332033899,0.14599972922063495,0.010358531777155502
0.166,-8.415705975746912,-8.415705774502339,0.029407968100960646,-33.074664540968435,0.14597235707958015,0.017296571756542378
0.168,-8.350300468283889,-8.350300242310125,0.03598443641087455,-32.681513144918064,0.14592943414028564,0.025897593276165486
0.17,-8.271824043202995,-8.271823792424161,0.0424771989535307,-32.237752193741365,0.14586770815811145,0.03608624861875659
0.17200000000000001,-8.180454174519365,-8.180453898909533,0.04887622359502735,-31.744292226176913,0.14578408716737815,0.04777770465822217
0.17400000000000002,-8.076388213329915,-8.076387912913752,0.05517166791096196,-31.202119495100423,0.1456756578452161,0.060878258801549394
0.176,-7.959842993374787,-7.959842668228085,0.06135389414343808,-30.612294090630385,0.1455397025911764,0.07528600653128412
0.178,-7.8310544070675725,-7.831054057317682,0.06741348377159495,-29.97594795283839,0.1453737152240204,0.09089155588446192
0.18,-7.690276952789115,-7.690276578615274,0.0733412516739395,-29.29428277767767,0.14517541520669955,0.10757878394200267
0.182,-7.537783254282398,-7.5377828559159425,0.07912825986149866,-28.56856781989962,0.1449427603206246,0.12522563017417718
0.184,-7.373863553027217,-7.373863130751689,0.08476583076157929,-27.80013759687728,0.14467395772082986,0.14370492129401402
0.186,-7.198825174512971,-7.198824728664121,0.09024556003272076,-26.99038949739747,0.14436747331450045,0.16288522211238812
0.188,-7.012991969365918,-7.012991500331593,0.0955593288922515,-26.14078129961864,0.14402203941646918,0.18263170676674984
0.19,-6.816703730323564,-6.816703238543479,0.10069931593871316,-25.25282860251999,0.14363666064663824,0.2028070446104954
0.192,-6.610315586083469,-6.610315072048877,0.10565800845229327,-24.32810217528801,0.14321061804576043,0.22327229500209753
0.194,-6.394197373086538,-6.394196837339789,0.11042821315730803,-23.36822522919999,0.14274347139755283,0.24388780522231712
0.196,-6.168732986325926,-6.168732429459906,0.11500306643169937,-22.374870616669718,0.14223505975664047,0.2645141057738772
0.198,-5.934319710301737,-5.934319132959216,0.11937604394945367,-21.349757962217875,0.14168550019326087,0.2850127973804379
0.2,-5.691367531269003,-5.691366934141852,0.1235409697428105,-20.2946507302198,0.14109518477693614,0.30524742409988037
0.202,-5.440298431951657,-5.440297815779981,0.1274920246721093,-19.21135323436444,0.14046477583235994,0.3250843270998745
0.20400000000000001,-5.181545669918566,-5.181545035489707,0.13122375429211572,-18.10170759383195,0.13979519951149147,0.3443934738103512
0.20600000000000002,-4.91555304083896,-4.915552388986412,0.13473107610467752,-16.96759064126229,0.13908763773622432,0.36304925736648813
0.20800000000000002,-4.642774127853932,-4.642773459456156,0.1380092861885803,-15.810910787644122,0.13834351857594698,0.3809312614856292
0.21,-4.3636715383178455,-4.3636708542969656,0.14105406519850416,-14.6336048493013,0.13756450513376978,0.3979249861804773
0.212,-4.078716129178709,-4.078715430499117,0.14386148372602195,-13.437634842194395,0.13675248302410747,0.41392252999704954
0.214,-3.7883862222796068,-3.788385509946493,0.14642800701662642,-12.224984748785898,0.13590954653262188,0.4288232247772239
0.216,-3.493166810874265,-3.4931660859320077,0.1487504990378261,-10.997657262740539,0.1350379835571985,0.44253421928004616
0.218,-3.1935487586587072,-3.1935480221892285,0.15082622589440509,-9.757670516746728,0.1341402594356117,0.45497100835100224
0.22,-2.890027992627677,-2.89002724574865,0.1526528585880001,-8.507054798750705,0.1332189997717829,0.46605790470175906
0.222,-2.5831046910691753,-2.583103934932206,0.15422847511920673,-7.247849261892567,0.132276972378026,0.4757284507519154
0.224,-2.27328246801295,-2.2732817038016275,0.15555156193148292,-5.982098633422142,0.13131706845536995,0.4839257683864793
0.226,-1.961067555449203,-1.9610667843770893,0.15662101469717202,-4.711849927853372,0.1303422831379299,0.4906028448954355
0.228,-1.6469679846320713,-1.6469672079406434,0.1574361384470168,-3.4391491695879495,0.12935569553034723,0.49572275378216474
0.23,-1.331492767778668,-1.3314919867351338,0.15799664704557836,-2.166038130203105,0.12836044836951913,0.4992588095529013
0.232,-1.0151510814685911,-1.0151502973636986,0.1583026620160088,-0.8945510855541885,0.12735972744318727,0.5011946560270942
0.234,-0.6984514530408896,-0.6984506671866151,0.1583547107186509,0.3732884022094596,0.12635674089844792,0.5015242881357522
0.23600000000000002,-0.38190095127551293,-0.3819001650027472,0.15815372388895316,1.6354706726770116,0.12535469857288645,0.5002520075988647
0.23800000000000002,-0.06600438263429159,-0.06600359729041651,0.15770103254118795,2.8900031202865923,0.12435679147983796,0.49739231329113637
0.24,0.24873650567747016,0.24873728873100023,0.15699836424544864,4.134913307618853,0.1233661715772461,0.4929697275149313
0.242,0.5618238145836337,0.5618245939738036,0.15604783878637118,5.368252034061959,0.12238593194675307,0.48701855979794584
0.244,0.8727642727167878,0.8727650470615527,0.15485196321298006,6.588096355126753,0.12141908750603239,0.47958261021828263
0.246,1.181070005497161,1.1810707734079933,0.15341362628999206,7.792552547788485,0.12046855637299685,0.47071481462890685
0.248,1.4862592925249,1.486260052609414,0.15173609236182675,8.979759017336136,0.11953714199541732,0.46047683450473637
0.25,1.7878573121231187,1.7878580629876677,0.14982299464146456,10.147889141321766,0.11862751615370579,0.44893859446672635
0.252,2.085396871894283,2.0853976121466244,0.14767832793716346,11.2951540463204,0.11774220293819487,0.4361777708463278
0.254,2.3784191241793664,2.3784198524313216,0.1453064408308907,12.41980531333528,0.11688356379522999,0.4222792349388228
0.256,2.66647426533775,2.666474980207853,0.1427120273231465,13.520137607813929,0.11605378372882956,0.4073344548536503
0.258,2.9491222177959835,2.949122917912189,0.1399001179596493,14.59449123037692,0.11525485873661474,0.39144086010247575
0.26,3.2259332938452543,3.2259339778475815,0.13687607045611824,15.641254584503383,0.11448858455021982,0.37470117327016494
0.262,3.4964888402005947,3.4964895067438295,0.1336455598381249,16.658866557564878,0.11375654674152372,0.35722271328891647
0.264,3.760381862369542,3.7603825101258708,0.13021456811369259,17.645818811752022,0.11306011224685308,0.33911667498070974
0.266,4.017217627913985,4.017218255575666,0.12658937349699734,18.600657981595887,0.11240042235185721,0.3204973896472459
0.268,4.266614247726294,4.266614854008256,0.1227765392021677,19.52198777494853,0.11177838717010916,0.3014815715692285
0.27,4.508203234479438,4.508203818121906,0.11878290182679148,20.40847097445358,0.11119468163870763,0.28218755532786366
0.272,4.741630037450596,4.741630597221638,0.1146155593453139,21.258831336708663,0.11064974304430333,0.2627345288807834
0.274,4.9665545529587005,4.966555087656776,0.11028185873305424,22.071855386495887,0.11014377008311625,0.24324176731234665
0.276,5.182651609698262,5.1826521181546985,0.10578938324207497,22.846394103634548,0.10967672344870905,0.22382787213477223
0.278,5.3896114282948595,5.389611909376313,0.10114593935060823,23.581364500191604,0.1092483279315977,0.20461002094233835
0.28,5.5871400544514405,5.587140507062275,0.09635954340817945,24.27575108596935,0.10885807600527539,0.1857032321166564
0.28200000000000003,5.77495976509933,5.774960188183967,0.09143840799896513,24.92860722037662,0.10850523286395826,0.1672196491477042
0.28400000000000003,5.952809447013226,5.952809839558414,0.0863909280462816,25.539056348978534,0.10818884286838883,0.14926784897395606
0.28600000000000003,6.120444947395645,6.120445308432672,0.08122566668142375,26.106293123211053,0.1079077373474105,0.13195217855683505
0.28800000000000003,6.277639395982947,6.277639724589798,0.07595134090035621,26.62958440193891,0.10766054369480488,0.11537212369124245
0.29,6.424183498272375,6.424183793575772,0.07057680703200402,27.10827013372958,0.10744569569311382,0.09962171381665463
0.292,6.559885799517218,6.559886060694641,0.0651110460420963,27.5417641189108,0.10726144498889523,0.08478896633391969
0.294,6.684572919185301,6.68457314546687,0.05956314869668319,27.92955465067487,0.10710587363712695,0.07095537365326385
0.296,6.798089755624391,6.798089946294701,0.05394230060957374,28.271205034689036,0.10697690762631867,0.05819543590107238
0.298,6.900299660726658,6.900299815126501,0.04825776719803168,28.566353986867266,0.10687233129034597,0.04657624189878845
0.3,6.991084584433127,6.991084701961131,0.04251887857111458,28.8147159091548,0.10678980250812295,0.03615710069890374
0.302,7.070345188967765,7.070345269081933,0.0367350143750526,29.01608104337211,0.10672686858799585,0.02698922562270643
0.304,7.138000932739688,7.13800097495883,0.03091558862003403,29.170315503359433,0.1066809827302012,0.01911547239446355
0.306,7.193990123900597,7.193990127805671,0.025070034512697237,29.277361185856332,0.10664952095789781,0.012570132609356612
0.308,7.2382699435930835,7.238269908828411,0.019207789318522624,29.337235560742787,0.1066297994051698,0.007378783410095037
0.31,7.270816438973666,7.27081636524805,0.013338279278173711,29.350031341458138,0.10661909184901219,0.0035581938820511646
0.312,7.291624486142374,7.291624373230105,0.007470904601654486,29.315916036602587,0.10661464737165718,0.0011162883113404437
0.314,7.300707723158183,7.300707570899922,0.0016150245639305642,29.235131383911344,0.10661370803967359,5.216608684198219e-05
0.316,7.298098453366679,7.2980982616702255,-0.004220057274594695,29.10799266797482,0.10661352648707052,0.00035617766801719213
0.318,7.283847519312794,7.283847288153746,-0.010025107699650686,28.934887923258163,0.10661138329114626,0.0020100556877919095
0.32,7.258024147557378,7.25802387697965,-0.01579097830394664,28.71627702415058,0.10660460403203056,0.00498709991591427
0.322,7.220715764761482,7.220715454877718,-0.021508619754888766,28.452690663948154,0.10659057592975194,0.009252414475207825
0.324,7.172027785446731,7.172027436438587,-0.027169095847158736,28.144729224843747,0.10656676395620035,0.014763195383041963
0.326,7.112083371883689,7.112082984001994,-0.0327635973185761,27.793061541163237,0.10653072632351798,0.02146906618507614
0.328,7.041023166602859,7.041022740167639,-0.03828345540813133,27.39842355824881,0.1064801292552082,0.029312459159727598
0.33,6.9590049980646524,6.959004533465043,-0.04372015513557209,26.96161688954717,0.10641276095157007,0.03822903930156982
0.332,6.866203560065445,6.8662030577594715,-0.04906534828245228,26.483507274612734,0.1063265446669025,0.04814816804156686
0.334,6.762810065496381,6.762809526010604,-0.0543108660551101,25.965022940883323,0.10621955082223888,0.058993403433122225
0.336,6.649031875110142,6.649031299039191,-0.0594487314106274,25.407152872228018,0.10609000808412594,0.07068303332665833
0.338,6.525092101988138,6.5250914899941,-0.06447117102743599,24.810944987403833,0.10593631334710046,0.08313063787297804
0.34,6.391229192436653,6.391228545248356,-0.06937062690287757,24.177504231689063,0.10575704056500015,0.09624567753796481
0.342,6.247696484075147,6.247695802487299,-0.07413976756068966,23.507990585086798,0.10555094838401537,0.1099341026790618
0.34400000000000003,6.094761741913349,6.094761026785557,-0.07877149885208112,22.803616990611772,0.10531698653839836,0.12409898062806836
0.34600000000000003,5.932706673245671,5.932705925501361,-0.08325897433477474,22.06564720628719,0.10505430097794083,0.13864113614557358
0.34800000000000003,5.7618264222220645,5.761825642847236,-0.08759560521513035,21.29539358458565,0.1047622377046575,0.15345980106009943
0.35000000000000003,5.582429044983359,5.5824282350252625,-0.09177506983921953,20.494214783149044,0.10444034530451574,0.16845326887987244
0.352,5.394834966276712,5.394834126842381,-0.09579132271949868,19.663513410716874,0.10408837616847944,0.1835195501670229
0.354,5.199376418492647,5.199375550747324,-0.09963860308452288,18.80473361228013,0.10370628640553031,0.19855702449270185
0.356,4.996396864089466,4.996395969254912,-0.10331144293995381,17.919358597558787,0.10329423445864275,0.21346508484670662
0.358,4.786250402393538,4.786249481746247,-0.10680467462994274,17.0089081169753,0.10285257844286429,0.2281447704561587
0.36,4.569301161784907,4.569300216654185,-0.1101134378888105,16.074935889363417,0.10238187223264243,0.24249938407385857
0.362,4.345922678296998,4.345921710062959,-0.11323318637380075,15.119026985711976,0.10188286033329177,0.2564350899272779
0.364,4.116497261676796,4.116496271768253,-0.11615969367054765,14.142795173296228,0.10135647157896246,0.26986148867270937
0.366,3.881415349967668,3.881414339859911,-0.11888905876377488,13.147880224595173,0.10080381170661085,0.28269216587472634
0.368,3.6410748536911393,3.6410738249036463,-0.12141771096662618,12.135945195432033,0.10022615486223976,0.29484521072750347
0.37,3.395880490716209,3.395879444810232,-0.12374241430291842,11.108673676806468,0.09962493410202947,0.30624370195030215
0.372,3.1462431129153168,3.1462420514914196,-0.12586027133750463,10.067767024911173,0.09900173095688558,0.31681615802300583
0.374,2.8925790257148165,2.8925779504102858,-0.1277687264508344,9.014941573842577,0.09835826413435131,0.326496949177363
0.376,2.6353093016547096,2.6353082141409367,-0.12946556855470248,7.951925835524788,0.09769637743673751,0.3352266688238474
0.378,2.374859089077524,2.374857991057262,-0.13094893324708023,6.880457691368491,0.09701802697868962,0.3429524623709655
0.38,2.1116569170695243,2.111655810274128,-0.132217304404829,5.802281580181517,0.09632526779121123,0.34962831168158437
0.382,1.8461339977789386,1.8461328839654874,-0.13326951521399613,4.719145686835832,0.09562023990237822,0.3552152737074709
0.384,1.5787235272355813,1.5787224081839921,-0.13410474863829414,3.6327991361764425,0.09490515398759458,0.3596816721468011
0.386,1.3098599857941657,1.3098588633042068,-0.13472253732725767,2.5449891966315095,0.09418227668424108,0.36300324127788675
0.388,1.0399784393197125,1.0399773152080094,-0.13512276296646186,1.4574584979496126,0.09345391566695292,0.36516322143381275
0.39,0.7695138422278113,0.7695127183247665,-0.1353056550730666,0.3719422674499131,0.0927224045805188,0.3661524058950335
0.392,0.49890034348509155,0.4988992216318095,-0.13527178924082417,-0.7098344108761172,0.09199008792752886,0.36596913928827907
0.394,0.22857059666612123,0.22856947871125993,-0.13502208483954992,-1.7861593101265134,0.09125930600741368,0.3646192678883723
0.396,-0.04104492484790595,-0.04104603705129489,-0.13455780217490687,-2.8553357428897614,0.0905323800024184,0.3621160425228274
0.398,-0.3095186064558713,-0.30951971105350595,-0.1338805391151933,-3.9156852081273508,0.08981159730435877,0.358479975075496
0.4,-0.5764263636502035,-0.5764274587897942,-0.1329922271926465,-4.965549998453744,0.08909919717372451,0.3537386498732101
0.402,-0.8413483050143437,-0.8413493888487783,-0.13189512718758542,-6.003295763809083,0.0883973568198477,0.3479264915165867
0.404,-1.1038693858788657,-1.1038704565694493,-0.13059182420450668,-7.0273140276055965,0.08770817798746507,0.34108449098121557
0.406,-1.3635800516299197,-1.3635811073495716,-0.12908522225002386,-8.036024651520156,0.08703367413109639,0.3332598920667611
0.40800000000000003,-1.6200768696842065,-1.620077908620663,-0.12737853832329515,-9.027878245202729,0.08637575825426742,0.32450584050758347
0.41000000000000003,-1.872963149166722,-1.8729641695257695,-0.12547529603032112,-10.00135851727331,0.08573623148575665,0.3148809982779344
0.41200000000000003,-2.1218495473509873,-2.121850547359605,-0.12337931873420833,-10.954984564088116,0.08511677245977403,0.3044491258263474
0.41400000000000003,-2.366354661946374,-2.366355639855906,-0.12109472225418765,-11.887313092869249,0.08451892756132492,0.293278635156377
0.41600000000000004,-2.6061056083433822,-2.606106562432651,-0.11862590712684515,-12.796940575910432,0.08394410209201211,0.2814421168333378
0.418,-2.8407385809552914,-2.840739509533715,-0.11597755044366913,-13.682505332694548,0.08339355240522485,0.26901584413827634
0.42,-3.069899397823444,-3.069900299234087,-0.11315459727963649,-14.542689536886506,0.08286837905309707,0.25607925771033435
0.422,-3.293244027683456,-3.293244900306017,-0.11016225172815623,-15.376221145296949,0.0823695209808338,0.2427144341163532
0.424,-3.5104390987208656,-3.510439940974644,-0.10700596755825494,-16.18187574604856,0.08189775079704786,0.22900554186156616
0.426,-3.721162388277036,-3.7211631986238234,-0.10369143851042892,-16.958478323316722,0.08145367114166562,0.21503828840724123
0.428,-3.925103292799506,-3.9251040697464505,-0.10022458824809918,-17.70490493616001,0.08103771216579617,0.20089936179002044
0.43,-4.121963277365327,-4.121964019467673,-0.0966115599820872,-18.420084309103053,0.08065013013075878,0.18667587044344866
0.432,-4.31145630414123,-4.311457010005034,-0.09285870578598251,-19.102999332284572,0.08029100712627663,0.17245478480495327
0.434,-4.4933092391806335,-4.493309907465368,-0.08897257562069498,-19.752688469136434,0.07996025190071353,0.15832238425160575
0.436,-4.667262236994473,-4.6672628664155935,-0.08495990608687594,-20.36824706971541,0.0796576017892032,0.1443637128458156
0.438,-4.833069102370594,-4.833069691701969,-0.08082760892425248,-20.948828587967427,0.07938262571863808,0.13066204728823796
0.44,-4.990497628954835,-4.990498177031111,-0.0765827592772469,-21.49364570136428,0.07913472826179141,0.11729838037033494
0.442,-5.139329914146014,-5.139330419864872,-0.0722325837465495,-22.001971331515048,0.07891315470638359,0.10435092309404576
0.444,-5.279362649896588,-5.279363112220933,-0.06778444824657578,-22.47313956451787,0.0787169970987098,0.09189462848185423
0.446,-5.410407389050912,-5.410407807010905,-0.06324584568896975,-22.90654646998304,0.07854520121555827,0.08000073993825947
0.448,-5.5322907868934905,-5.532291159588507,-0.058624383512512146,-23.301650817824203,0.07839657441260373,0.06873636684444212
0.45,-5.644854817620548,-5.644855144221029,-0.053927771079956374,-23.657974692081318,0.07826979429228872,0.058164089873043584
0.452,-5.747956965489396,-5.747957245238557,-0.04916380696244545,-23.975104001206493,0.07816341812943912,0.048341598300811986
0.454,-5.841470390441509,-5.8414706226569475,-0.04434036613226034,-24.252688884411242,0.07807589298852424,0.039321361374858
0.456,-5.925284068036761,-5.925284252111936,-0.039465387084713636,-24.490444013841316,0.07800556646259194,0.031150335554925638
0.458,-5.9993029035779735,-5.999303038983573,-0.03454685891003238,-24.688148792512543,0.07795069796050663,0.023869709210993677
0.46,-6.063447820346581,-6.063447906631734,-0.02959280833607071,-24.845647448107737,0.0779094704662085,0.01751468610430832
0.462,-6.117655821911899,-6.11765585870528,-0.024611286762656212,-24.96284902290072,0.07788000269131358,0.012114308722273938
0.464,-6.161880028517997,-6.161880015528791,-0.01961035730830423,-25.039727260238074,0.0778603615404947,0.007691322275187224
0.466,-6.196089687593586,-6.196089624612315,-0.014598081889931884,-25.076320388172984,0.07784857480773295,0.004262079897303145
0.468,-6.220270158471413,-6.22027004537063,-0.009582508356068433,-25.072730801007022,0.07784264402071056,0.0018364893278824271
0.47000000000000003,-6.234422871444536,-6.234422708179375,-0.004571657693891503,-25.029124639655976,0.07784055735033206,0.0004180010814023475
0.47200000000000003,-6.238565261327296,-6.238565047935887,0.0004264886697804716,-24.945731271913576,0.07784030250260669,3.6378517090223227e-06
0.47400000000000003,-6.232730675728828,-6.23273041233257,0.005404001453639504,-24.82284267384252,0.07783987951089695,0.0005840646342187574
0.47600000000000003,-6.2169682582865144,-6.216967945090204,0.010353015973544186,-24.660812713675174,0.07783731334782643,0.0021436987949692214
0.47800000000000004,-6.191342807145781,-6.191342444437598,0.015265744441333415,-24.460056339756456,0.07783066627793211,0.004660859066962042
0.48,-6.155934609010979,-6.155934197162337,0.020134488091771662,-24.221048674208483,0.07781804987442678,0.008107952214353897
0.482,-6.110839249129848,-6.110838788595087,0.024951649118950134,-23.94432401414039,0.0777976366261877,0.012451695875104099
0.484,-6.056167397610994,-6.056166888926941,0.02970974240384691,-23.63047474236704,0.07776767106428734,0.017653375874058786
0.486,-5.992044572510044,-5.992044016295424,0.03440140701515565,-23.28015014973706,0.07772648034100615,0.023669136092448008
0.488,-5.918610880155447,-5.918610277110162,0.039019417465925806,-22.894055171303272,0.07767248419828986,0.030450298787603917
0.49,-5.836020733219397,-5.836020084123657,0.04355669470901699,-22.472949038697248,0.07760420426700587,0.037943713079490175
0.492,-5.744442547072829,-5.744441852786132,0.04800631685485481,-22.01764385119422,0.07752027264308473,0.04609212915937434
0.494,-5.644058414995992,-5.6440576764559856,0.05236152959548492,-21.529003068074267,0.07741943969166835,0.05483459563157687
0.496,-5.535063762847542,-5.535062981068736,0.056615756319454785,-21.00793992500107,0.0773005810356954,0.0641068772724777
0.498,-5.4176669838255265,-5.417666159897875,0.060762607902608026,-20.455415777249947,0.07716270369089677,0.07384189038252166
0.5,-5.292089053982868,-5.292088189070201,0.06479589216045327,-19.872438372722407,0.07700495131491601,0.0839701528173818
0.502,-5.158563129188033,-5.1585622245263805,0.06870962294836686,-19.260060057784795,0.07682660854417016,0.09442024571413482
0.504,-5.017334124248449,-5.017333181144234,0.07249802889650599,-18.619375919063675,0.076627104398089,0.10511928387757234
0.506,-4.868658274939857,-4.86865729476793,0.07615556176694448,-17.95152186442054,0.07640601473647515,0.11599339176077791
0.508,-4.712802683709068,-4.7128016679106715,0.07967690442119621,-17.25767264641235,0.07616306376187297,0.12696818196288873
0.51,-4.550044849840665,-4.550043799921234,0.08305697838696091,-16.53903983162344,0.07589812456498359,0.13796923317544185
0.512,-4.380672184899776,-4.380671102426653,0.0862909510136109,-15.796869719326887,0.07561121871727614,0.1489225645366679
0.514,-4.204981514283341,-4.204980400883338,0.08937424220663642,-15.032441213000636,0.0753025149209818,0.15975510340021024
0.516,-4.023278565731155,-4.023277423088059,0.09230253073197808,-14.247063648285057,0.07497232673258226,0.17039514359055516
0.518,-3.8358774456653686,-3.8358762755173093,0.09507176008189795,-13.442074581023515,0.07462110938167836,0.18077279130139928
0.52,-3.64310010424313,-3.6430989083798577,0.09767814389477432,-12.618837539077035,0.0742494557127138,0.19082039589456476
0.522,-3.445275790021488,-3.445274570281532,0.10011817092194765,-11.778739741646998,0.073858091282398,0.20047296297512648
0.524,-3.242740495146724,-3.242739253414504,0.10238860953549589,-10.923189789876979,0.07344786865079003,0.2096685472522448
0.526,-3.035836391991739,-3.035835130194555,0.10448651177157459,-10.053615332535465,0.0730197609088398,0.21834862284382786
0.528,-2.824911262175088,-2.824909982280053,0.10640921690472042,-9.171460710605944,0.07257485448970649,0.22645842884551678
0.53,-2.610317918903712,-2.610316622914563,0.10815435454928378,-8.278184584629173,0.07211434131536051,0.2339472881594436
0.532,-2.3924136235882845,-2.3924123135421835,0.10971984728492629,-7.375257548654612,0.0716395103337994,0.24076889776455096
0.534,-2.17155949768548,-2.1715581756497073,0.11110391280389155,-6.46415973466409,0.07115173850564972,0.24688158880669475
0.536,-1.9481199307252524,-1.948118598793862,0.11230506557852973,-5.546378411330415,0.07065248130196725,0.25224855509195726
0.538,-1.7224619854835002,-1.7224606457738827,0.11332211804832884,-4.6234055809674235,0.0701432627776684,0.25683804877918753
0.54,-1.4949548012612073,-1.4949534559106552,0.11415418132647563,-3.6967355785153164,0.06962566528721727,0.2606235422863576
0.542,-1.2659689962303373,-1.2659676473925452,0.11480066542673606,-2.767862676386628,0.06910131891093986,0.26358385564842784
0.544,-1.0358760698044156,-1.035874719645907,0.115261279012208,-1.838278698973502,0.0685718906616372,0.26570324879060125
0.546,-0.8050478059878733,-0.8050464566844607,0.11553602866825603,-0.9094706505863726,0.06803907354201218,0.2669714784086416
0.548,-0.5738556786528504,-0.5738543323860265,0.11562521770268848,0.01708163944236807,0.06750457552381478,0.2673838193758821
0.55,-0.34267025968529474,-0.3426689186386249,0.1155294444769798,0.9399078507984169,0.06697010851954335,0.26694105082319114
0.552,-0.11186063093385136,-0.11185929728931283,0.1152496002730746,1.8575494817260867,0.06643737741702323,0.26564940726206954
0.554,0.11820619911476193,0.11820752318038732,0.11478686670103308,2.7685621304797094,0.065908069246222,0.26352049534081473
0.556,0.3471658730214289,0.34716718534020397,0.11414271265348987,3.671517745155513,0.06538384254626725,0.26057117703794314
0.558,0.5746572555415429,0.5746585539579983,0.11331889081359785,4.565006838438128,0.06486631699881364,0.25682342030448224
0.56,0.8003229973473629,0.8003242797221498,0.1123174337238148,5.447640663865748,0.06435706339168377,0.2523041183660706
0.562,1.0238100904554217,1.023811354668886,0.11114064942356257,6.318053350292939,0.06385759397409287,0.24704487908582476
0.5640000000000001,1.2447704145053107,1.2447716584610842,0.10979111666444472,7.174903991310137,0.063369353261784,0.2410817859685142
0.5660000000000001,1.4628612730541757,1.4628624946827162,0.10827167971234829,8.016878686463668,0.06289370934707002,0.23445513255466663
0.5680000000000001,1.6777459190705424,1.6777471163326805,0.10658544274637792,8.842692531209728,0.06243194576512274,0.2272091321088281
0.5700000000000001,1.8890940688315854,1.889095239721964,0.10473576386517425,9.651091552629826,0.06198525396389705,0.2193916046484308
0.5720000000000001,2.0965824034496516,2.096583546000153,0.10272624871175344,10.440854588033675,0.061554726420854564,0.21105364348778052
0.5740000000000001,2.2998950572766894,2.299896169559835,0.10056074372856923,11.210795103678143,0.06114135044518637,0.2022492635848595
0.5760000000000001,2.498724092459186,2.4987251725914152,0.09824332905504249,11.959762950937593,0.06074600269955874,0.19303503407634712
0.578,2.692769958941225,2.692771005086138,0.09577831108032549,12.686646057371409,0.06036944447055065,0.183469697467992
0.58,2.8817419392393293,2.8817429496109077,0.09317021466456715,13.39037205024866,0.06001231771194932,0.17361377801283048
0.582,3.0653585773397425,3.0653595502053967,0.09042377504242227,14.069909810207415,0.059675141879953604,0.16352918185845178
0.584,3.2433480910967716,3.2433490247803713,0.08754392942299984,14.724270952847084,0.059358311574138026,0.15327879157638352
0.586,3.415448767539613,3.4154496604244065,0.08453580830087384,15.352511236175928,0.059062094992786175,0.14292605770164182
0.588,3.581409340524756,3.5814101910562313,0.08140472649318271,15.953731891962677,0.05878663320594535,0.13253458990859768
0.59,3.7409893502014793,3.740990156890075,0.07815617391822094,16.527080879170335,0.058531940244317765,0.12216775043070398
0.592,3.8939594837891267,3.8939602452128734,0.07479580613127768,17.07175405778206,0.05829790399692093,0.1118882522965535
0.594,4.040101897196674,4.040102612003718,0.07132943463380177,17.58699628146273,0.05808428790535333,0.101757764903556
0.596,4.17921051704759,4.179211183958622,0.06776301697227047,18.072102407635768,0.05789073343752345,0.09183652938368432
0.598,4.311091322705972,4.311091940516518,0.06410264664340924,18.526418223692076,0.05771676331887039,0.08218298613379572
0.6,4.435562607933555,4.435563175516154,0.06035454282265317,18.949341288187284,0.05756178549445401,0.0728534167866295
0.602,4.552455221841094,4.552455738147349,0.056525039932954865,19.340321686023472,0.0574250977908472,0.06390160278844284
0.604,4.661612788832132,4.661613252894652,0.05262057707123058,19.69886269675314,0.05730589324255316,0.05537850262618635
0.606,4.762891907271807,4.762892318205996,0.04864768730989458,20.02452137528512,0.05720326604371693,0.04733194961202556
0.608,4.856162326648472,4.856162683654184,0.044612986891061406,20.316909044415116,0.057116218082229886,0.03980637198684034
0.61,4.941307103031107,4.941307405394188,0.040523164331097,20.57569169874637,0.057043666009956806,0.03284253694810184
0.612,5.018222732660976,5.018222979754633,0.03638496945327207,20.800590319709347,0.056984448799768495,0.02647732004231083
0.614,5.086819263551524,5.086819454837568,0.032205202366315216,20.9913811015324,0.056937335737354315,0.020743501189106305
0.616,5.147020385006115,5.147020520036061,0.027990702406678437,21.14789558815803,0.05690103479343317,0.015669588424384682
0.618,5.1987634949988655,5.1987635734148805,0.02374833706231456,21.270020721241753,0.05687420131999215,0.011279670264506068
0.62,5.2419997453993314,5.241999766935033,0.019484990895724665,21.35769879951182,0.056855447012565674,0.007593297404129462
0.622,5.276694065057324,5.276694029538426,0.015207554483963702,21.41092734990857,0.056843349079336,0.00462539426765449
0.624,5.302825160799349,5.302825068144157,0.010922913393194969,21.429758911061295,0.056836459556989474,0.0023862007399047605
0.626,5.320385496423282,5.320385346643041,0.0066379372052586105,21.4143007297983,0.056833314712807205,0.0008812442068191299
0.628,5.329381249812631,5.329381043011708,0.0023594686135665994,21.364714371521856,0.056832444472400906,0.00011134184276811783
0.63,5.329832248326207,5.329831984702121,-0.001905687394543146,21.281215245413968,0.05683238181282459,7.26328889144129e-05
0.632,5.321771882653096,5.321771562496407,-0.006150774252067303,21.16407204557104,0.05683167206149364,0.0007566404779978818
0.634,5.305246999356417,5.3052466230504365,-0.010369094406518765,21.013606109295292,0.05682888204241702,0.002150362376225975
0.636,5.280317772362517,5.280317340382884,-0.014554019777594119,20.830190693898185,0.056822609012687916,0.004236389833732015
0.638,5.247057553684839,5.24705706659893,-0.018699002062175306,20.61425017349585,0.05681148933396844,0.006993053562424727
0.64,5.205552703703673,5.2055521621698615,-0.022797582870822078,20.36625915739825,0.05679420682583324,0.010394595695040004
0.642,5.155902401354386,5.155901806121147,-0.026843403680244054,20.086741531812663,0.056769500750286556,0.0144113664228108
0.644,5.098218434607402,5.098217786512265,-0.030830215586596977,19.776269426697667,0.05673617337952173,0.019010043862320945
0.646,5.032624971653093,5.032624271621455,-0.03475188884482628,19.435462109715846,0.056693097102028404,0.024153875565663223
0.648,4.95925831323397,4.9592575622777435,-0.038602422179681586,19.064984809342246,0.05663922102545234,0.029802939962767457
0.65,4.878266626594823,4.878265825810949,-0.042375951854447785,18.66554746929034,0.05657357703815005,0.03591442591140953
0.652,4.789809661548996,4.789808812117804,-0.046066760483880795,18.23790343651837,0.056495285295132425,0.042442928429584824
0.654,4.694058449185484,4.694057552368931,-0.04966928557829855,17.782848085175967,0.056403559098032144,0.049340758597171526
0.656,4.59119498376722,4.591194040906958,-0.05317812780625892,17.301217378943704,0.056297709142832615,0.056558265539576165
0.658,4.481411888395515,4.481410900910845,-0.05658805896375596,16.79388637430694,0.05617714711333292,0.06404416834571043
0.66,4.364912065039258,4.364911034424957,-0.05989402963838245,16.261767667389382,0.05604138860266773,0.07174589572646871
0.662,4.241908329550052,4.24190725737406,-0.06309117655743991,15.70580978705141,0.05589005534962249,0.0796099311880411
0.664,4.112623032305953,4.112621920206916,-0.06617482960952585,15.126995537033293,0.05572287678095571,0.08758216147699559
0.666,3.9772876651468687,3.9772865148315986,-0.06914051852969111,14.526340289993653,0.05553969085543166,0.09560822605109119
0.668,3.8361424552838876,3.8361412685246803,-0.07198397923883688,13.904890236358813,0.055340444209749484,0.10363386534114599
0.67,3.6894359468829125,3.6894347255147633,-0.0747011598286103,13.263720590959444,0.05512519161100153,0.11160526559479161
0.672,3.5374245710398378,3.537423316957524,-0.07728822618365822,12.603933760486187,0.05489409472467432,0.11946939813232622
0.674,3.3803722048801887,3.3803709200352876,-0.07974156723371056,11.926657474846543,0.05464742021149501,0.12717435089776766
0.676,3.218549720530571,3.2185484069283503,-0.08205779982858542,11.233042885550576,0.054385537170595806,0.1346696502541639
0.678,3.052234524722474,3.052233184418703,-0.08423377322983785,10.524262634293137,0.05410891395049439,0.14190657105071497
0.68,2.8817100898008854,2.8817087248985325,-0.08626657321341144,9.801508894935314,0.053818114353244836,0.14883843307969755
0.682,2.7072654769208238,2.707264089566705,-0.08815352577829519,9.065991392117391,0.05351379326077744,0.15542088214289107
0.684,2.529194852224222,2.5291934446055597,-0.08989220045683738,8.31893539976014,0.05319669171589618,0.16161215405944468
0.686,2.347796996797667,2.347795571138546,-0.09148041322302146,7.561579722730238,0.05286763149361809,0.1673733200690952
0.6880000000000001,2.163374811218207,2.163373369776015,-0.09291622899566537,6.795174664959521,0.052527509201501454,0.17266851221549853
0.6900000000000001,1.9762348154998814,1.9762333605616547,-0.09419796373416503,6.020979987316226,0.05217728995030305,0.1774651274332614
0.6920000000000001,1.7866866452577006,1.7866851791364322,-0.09532418612506231,5.240262858529556,0.051818000638712045,0.18173400920811045
0.6940000000000001,1.5950425449086059,1.5950410699394721,-0.09629371885837831,4.4542958024668575,0.051450722898019066,0.18544960583152809
0.6960000000000001,1.4016168587303868,1.4016153772669822,-0.09710563949331172,3.6643546450553126,0.05107658574437958,0.18859010442810042
0.6980000000000001,1.2067255205996756,1.206724035010176,-0.09775928091355934,2.8717164641275157,0.05069675798781416,0.19113754009472417
0.7000000000000001,1.0106855432289739,1.0106840558922896,-0.09825423137317026,2.0776575454524906,0.05031244044824646,0.19307787965464948
0.7020000000000001,0.8138145077201897,0.8138130210220597,-0.09859033413449465,1.2834513481908658,0.04992485802970821,0.194401079695026
0.704,0.6164300542483975,0.6164285705775255,-0.0987676867004341,0.4903664829849077,0.04953525170433691,0.19510111872310218
0.706,0.4188493746844769,0.41884789642859904,-0.09878663964383834,-0.30033529413885907,0.049144870457955014,0.19517600344243144
0.708,0.2213887079589667,0.22138723750093975,-0.09864779503752587,-1.0874010689146505,0.04875496324885205,0.19462774931531426
0.71,0.024362838961887262,0.02436137867579707,-0.09835200448902928,-1.8695887339330364,0.04836677103089475,0.19346233574020072
0.712,-0.17191539823553126,-0.17191684598827808,-0.09790036678478095,-2.645668928637744,0.04798151889127417,0.19168963633189284
0.714,-0.3671356120613168,-0.3671370449358687,-0.09729422514905944,-3.414426951226456,0.04760040835206663,0.18932332494711743
0.716,-0.5609903392607561,-0.5609917549327046,-0.0965351641236109,-4.1746646395152425,0.04722460988335026,0.18638075824744987
0.718,-0.7531755240996802,-0.7531769202688678,-0.09562500607444173,-4.925202217887556,0.04685525567389074,0.18288283573474035
0.72,-0.9433909902143464,-0.9433923646086654,-0.09456580733284792,-5.664880107514344,0.04649343270340177,0.17885383833026625
0.722,-1.1313409043839227,-1.1313422547630974,-0.09335985397830258,-6.392560697101742,0.04614017615811437,0.1743212466969996
0.724,-1.3167342315173627,-1.3167355556766358,-0.09200965727136429,-7.107130071496736,0.045796463228868836,0.16931554062387838
0.726,-1.4992851801633174,-1.499286475937113,-0.09051794874529505,-7.80749969555917,0.04546320732819401,0.16386998090111723
0.728,-1.6787136378696148,-1.6787149031351263,-0.08888767496558721,-8.492608050790203,0.045141252759878264,0.15802037521575757
0.73,-1.8547455957377421,-1.8547468284184878,-0.08712199196709174,-9.161422222292803,0.04483136987138709,0.15180482968627995
0.732,-2.02711356153762,-2.027114759606876,-0.08522425937891659,-9.812939433728811,0.04453425071616373,0.14526348773369704
0.734,-2.19555696076876,-2.195558122252951,-0.08319803424772178,-10.446188528029476,0.04425050524938574,0.13843825805370172
0.736,-2.359822525075602,-2.3598236480575876,-0.08104706457047667,-11.060231391711941,0.04398065807716345,0.13137253350982028
0.738,-2.5196646674473566,-2.5196657500696653,-0.07877528254816507,-11.654164320752727,0.043725145775481394,0.1241109028108648
0.74,-2.6748458436560845,-2.6748468841240034,-0.07638679757232301,-12.227119326070799,0.04348431479142373,0.11669885686710108
0.742,-2.825136899410874,-2.8251378959954687,-0.07388588895667347,-12.778265376776965,0.04325841993541518,0.10918249173835766
0.744,-2.9703174027308687,-2.9703183537718907,-0.0712769984264802,-13.306809579453079,0.04304762346937402,0.10160821009376925
0.746,-3.1101759610655044,-3.1101768649742056,-0.06856472237857929,-13.811998291833604,0.042851994791837725,0.09402242309703303
0.748,-3.2445105227165123,-3.244511377978313,-0.06575380392536138,-14.293118169373276,0.04267151071731071,0.0864712546130974
0.75,-3.3731286621431273,-3.3731294673201813,-0.0628491247362698,-14.749497143297905,0.04250605634331897,0.079000249602304
0.752,-3.4958478487593103,-3.4958486024929676,-0.05985569669064835,-15.180505328850208,0.042355426494964654,0.07165408852645784
0.754,-3.6124956988597354,-3.6124963998728368,-0.0567786533560191,-15.585555862559325,0.04221932773317508,0.06447630953845959
0.756,-3.7229102103396587,-3.7229108574387277,-0.0536232413060927,-15.964105667480489,0.0420973809093598,0.057509040163428934
0.758,-3.8269399799026145,-3.826940571979901,-0.050394811293012556,-16.315656145470708,0.04198912424584578,0.05079274010516691
0.76,-3.9244444024790495,-3.924444938514451,-0.04709880928850915,-16.63975379568638,0.041894016918275066,0.04436595672790712
0.762,-4.0152938526085205,-4.0152943316713365,-0.04374076740879139,-16.93599075860991,0.041811443113141486,0.03826509467019974
0.764,-4.099369847567864,-4.099370268818424,-0.04032629473812833,-17.20400528503402,0.04174071653082913,0.03252420094612793
0.766,-4.17656519205776,-4.176565554748893,-0.03686106806617677,-17.443482129554575,0.04168108530191353,0.02717476677958634
0.768,-4.2467841042903,-4.246784407768671,-0.03335082255418766,-17.654152868244953,0.041631737282110094,0.022245547300818253
0.77,-4.309942323350503,-4.309942567057772,-0.029801342345277558,-17.835796140307565,0.041591805689118036,0.017762400111608668
0.772,-4.3659671977351175,-4.3659673812089554,-0.02621845113397991,-17.988237813620067,0.04156037504272253,0.013748143597297847
0.774,-4.414797755002484,-4.414797877877437,-0.022608002710295397,-18.111351074215843,0.04153648736789356,0.01022243573097448
0.776,-4.456384752497676,-4.456384814505868,-0.018975871493440315,-18.205056439859508,0.041519148619265346,0.007201673978711216
0.778,-4.490690709147461,-4.49069071011913,-0.015327943070447929,-18.2693216979988,0.04150733528430111,0.004698916775417854
0.78,-4.517689918349902,-4.517689858213781,-0.011670104754709384,-18.304161768493795,0.041500001121650136,0.0027238268997178115
0.782,-4.537368442013484,-4.537368320797024,-0.008008236179448729,-18.30963849164291,0.0414960839906889,0.0012826369341166315
0.784,-4.549724085830537,-4.549723903659966,-0.004348199941010969,-18.285860342142367,0.04149451272800807,0.0003781368545401559
0.786,-4.554766355899339,-4.554766112999551,-0.000695832306703149,-18.23298206973142,0.041494214026660356,9.683651981036503e-06
0.788,-4.552516396838625,-4.552516093532917,0.0029430659982334685,-18.15120426738983,0.041494119274318855,0.00017323274939915923
0.79,-4.543006911567175,-4.54300654827682,0.006562738910126554,-18.040772868066167,0.04149317130710668,0.0008613908400497815
0.792,-4.526282062949768,-4.526281640193422,0.010157484038664453,-17.901978571025783,0.041490331036740234,0.0020634896399144625
0.794,-4.502397357538917,-4.502396875931873,0.013721661557018332,-17.7351561990153,0.041484583909773616,0.0037656799177070953
0.796,-4.471419511669464,-4.471418971922743,0.017249702956586562,-17.540683987546124,0.04147494615912914,0.005951045041809424
0.798,-4.4334263001903045,-4.4334257031095845,0.020736119652924004,-17.31898280770274,0.041460470809740094,0.008599733165207622
0.8,-4.3885063881440285,-4.388505734628427,0.024175511429710125,-17.070515323981912,0.04144025340200212,0.011689107057760897
0.802,-4.336759145731326,-4.336758436772018,0.027562574707920933,-16.795785088766888,0.04141343739881722,0.015193910490594455
0.804,-4.278294446922285,-4.278293683600982,0.030892110627700017,-16.49533557513514,0.0413792192443024,0.01908644998068113
0.806,-4.213232452101413,-4.213231635588669,0.034159032930772965,-16.169749149790192,0.041336853044709125,0.023336790615312637
0.808,-4.141703375157138,-4.141702506710547,0.037358375631616404,-15.819645987996223,0.04128565484474081,0.027912964596659005
0.81,-4.06384723544976,-4.063846316411964,0.040485300465977224,-15.445682932479496,0.04122500647524759,0.032781191076409116
0.812,-3.979813595114209,-3.9798126269107925,0.043535104105738555,-15.048552298342065,0.04115435895119924,0.03790610578994988
0.8140000000000001,-3.8897612821755914,-3.889760266312848,0.04650322512954608,-14.628980626111444,0.04107323540187083,0.04325099894898492
0.8160000000000001,-3.7938580999762146,-3.7938570380387495,0.04938525073904042,-14.18772738512405,0.04098123351829973,0.04877805981115785
0.8180000000000001,-3.6922805234326748,-3.692279417080887,0.052176923210988074,-13.725583629510938,0.04087802750626727,0.054448626315306926
0.8200000000000001,-3.5852133826605255,-3.5852122336279977,0.05487414607606382,-13.243370609120825,0.040763369536302205,0.06022343815154381
0.8220000000000001,-3.472849534522083,-3.472848344612794,0.0574729900155107,-12.74193833777812,0.040637090685475455,0.06606289162645984
0.8240000000000001,-3.3553895226699817,-3.3553882937554285,0.059969698467389386,-12.222164121332138,0.040499101369035,0.07192729468539209
0.8260000000000001,-3.2330412266751787,-3.233039960691418,0.0623606929346253,-11.684951048008209,0.04034939126319582,0.07777712046573253
0.8280000000000001,-3.1060195008431757,-3.106018199787686,0.06464257798756914,-11.131226443621319,0.040188028723630975,0.08357325777757917
0.8300000000000001,-2.974545803336295,-2.9745444692648157,0.06681214595430326,-10.561940294259113,0.04001515970738674,0.08927725694038245
0.8320000000000001,-2.8388478162328368,-2.838846451256043,0.06886638129245197,-9.978063639082308,0.03983100620904679,0.09485156944634758
0.834,-2.6991590571659194,-2.699157663446038,0.07080246463678709,-9.380586935927935,0.03963586422497906,0.10025977997286972
0.836,-2.5557184831956627,-2.555717062943001,0.07261777651746083,-8.770518402433435,0.03943010126239531,0.10546682932679771
0.838,-2.4087700875781763,-2.4087686430475475,0.0743099007442441,-8.148882335427823,0.0392141534127198,0.11043922697238819
0.84,-2.258562490103502,-2.258561023590635,0.07587662745270048,-7.516717411359999,0.03898852201138456,0.11514525187191799
0.842,-2.105348521682252,-2.1053470355200363,0.07731595580878187,-6.87507497055337,0.03875376990862684,0.11955514045251021
0.844,-1.9493848038671373,-1.9493833004219123,0.07862609636889127,-6.225017288090724,0.03851051737814712,0.12364126060420355
0.846,-1.7909313240009486,-1.7909298056686418,0.07980547309302,-5.567615834143394,0.03825943769257927,0.12737827071201477
0.848,-1.6302510066867577,-1.6302494758890136,0.08085272500913011,-4.903949526564428,0.03800125239661644,0.13074326282804027
0.85,-1.4676092822792108,-1.4676077414595146,0.08176670752751701,-4.235102978566503,0.037736726310316736,0.13371588919781013
0.852,-1.3032736530977471,-1.30327210471743,0.08254649340445087,-3.5621647443019713,0.03746666229657275,0.13627847146742103
0.854,-1.1375132580634184,-1.1375117045976706,0.08319137335495858,-2.8862255651545023,0.03719189582796067,0.13841609201368224
0.856,-0.9705984364606995,-0.9705968803946043,0.08370085631516828,-2.2083766195394325,0.03691328938918214,0.1401166669578489
0.858,-0.8028002915242745,-0.802798735348735,0.0840746693551969,-1.5297077789931597,0.036631726752071346,0.1413710005437137
0.86,-0.6343902545482742,-0.6343887007559732,0.08431275724411444,-0.8513058733108081,0.036348107160656506,0.14217282068209944
0.862,-0.46563965021181747,-0.46563810129321653,0.0844152816690687,-0.1742529674658959,0.0360633394640398,0.14251879558536412
0.864,-0.29681926380999646,-0.2968177222492327,0.08438262011119786,0.5003753469839713,0.03577833623489109,0.14240853153661467
0.866,-0.12819891107365775,-0.1281973793445677,0.08421536438149552,1.1715116433352795,0.03549400791114127,0.14184455195816129
0.868,0.039952988745536044,0.03995450818348176,0.08391431882032342,1.8380983313886126,0.03521125699801383,0.1408322580615777
0.87,0.20736983585618868,0.20737134056188447,0.0834804981647892,2.4990893067205384,0.03493097236685291,0.13937987147682745
0.872,0.3737872683147736,0.3737887558694053,0.08291512508871998,3.153451575033494,0.03465402368629885,0.13749835936956165
0.874,0.5389435751701012,0.5389450431811275,0.08221962742046646,3.8001668490897336,0.034381256020235854,0.13520134266320638
0.876,0.7025801037259578,0.7025815498310051,0.0813956350442656,4.438233115789143,0.03411348462559955,0.13250498808518557
0.878,0.8644416602951648,0.8644430821658312,0.08044497649137249,5.066666171008109,0.03385148998159508,0.12942788485394943
0.88,1.0242769038311994,1.0242782991769077,0.07936967522764227,5.684501119877643,0.03359601308015111,0.1259909069148282
0.882,1.181838731837342,1.1818400984090152,0.07817194564470127,6.290793840243394,0.033347751005532444,0.1222170617175626
0.884,1.3368846579680378,1.3368859935618103,0.07685418876229091,6.88462240711797,0.033107352828969844,0.11813132660619685
0.886,1.4891771807527634,1.4891784832135762,0.07541898764979918,7.465088476007037,0.032875415841952305,0.11376047396241122
0.888,1.6384841428891366,1.6384854101142137,0.0738691025754104,8.031318623064754,0.03265248214948082,0.10913288630593009
0.89,1.78457908056927,1.7845803105115927,0.07220746589170568,8.582465640111193,0.03243903564212012,0.10427836261003678
0.892,1.9272415623214292,1.9272427529930782,0.07043717666693158,9.117709782624349,0.032235499363120944,0.09922791713617063
0.894,2.0662575168678528,2.0662586663432196,0.0685614950715241,9.636259968901893,0.032042233284238934,0.09401357212885249
0.896,2.2014195495191347,2.2014206559381093,0.06658383652982733,10.137354928673085,0.0318595325011639,0.08866814574061536
0.898,2.3325272466457694,2.332528308216779,0.06450776564728139,10.620264299528705,0.03168762585671267,0.08322503657609154
0.9,2.459387467788347,2.4593884827912533,0.06233698992367201,11.084289669626829,0.03152667499714868,0.0777180062548797
0.902,2.5818146249893603,2.5818155917783248,0.06007535326333289,11.528765565224099,0.031376773864189106,0.07218096139428483
0.904,2.6996309489516572,2.6996318659577896,0.057726829293473135,11.953060381676092,0.031237948622464193,0.06664773640555577
0.906,2.8126667416511832,2.812667607385146,0.055295514502063575,12.356577256646005,0.031110158019420985,0.06115187848095847
0.908,2.9207606150547623,2.920761428109215,0.05278562120695827,12.738754884358215,0.03099329417193256,0.055726436124089646
0.91,3.0237597156172598,3.023760474669136,0.0502014703681504,13.099068269832047,0.030887183771200956,0.05040375254248564
0.912,3.121519934256457,3.1215206380691694,0.047547484255264595,13.437029422131118,0.03079158969494404,0.04521526518009269
0.914,3.213906101528371,3.213906748953843,0.04482817898257065,13.752187985764898,0.030706213013349533,0.040191312617867785
0.916,3.30079216775049,3.300792757731016,0.04204815692396597,14.044131809481279,0.030630695372878294,0.03536095001404935
0.918,3.382061367845412,3.3820618994154388,0.03921209902051611,14.31248745179197,0.030564621739718564,0.03075177419189521
0.92,3.457606370702717,3.4576068429903986,0.03632475699326408,14.55692062267615,0.03050752348254647,0.026389759412393757
0.922,3.5273294128823878,3.5273298251110536,0.03339094547411948,14.777136561011941,0.03045888177224852,0.0222991047931124
0.924,3.59114241650883,3.5911427679982686,0.030415534067718207,14.972880347389685,0.030418131274420397,0.01850209425249054
0.926,3.648967091230371,3.6489673813979393,0.02740343935720243,15.143937152065533,0.030384664108783828,0.015018969772077423
0.928,3.700735020145055,3.7007352485066662,0.024359616866907997,15.290132417918379,0.03035783404816878,0.011867818678050972
0.93,3.746387729619561,3.7463878957904986,0.021289052994963774,15.41133197837752,0.0303369609283999,0.00906447554844752
0.932,3.7858767429540694,3.7858768466496144,0.018196756928803265,15.507442110392343,0.030321335239310774,0.006622439254518993
0.934,3.8191636178718738,3.8191636589078124,0.015087752556564405,15.578409522618783,0.03031022286619294,0.004552805544162314
0.936,3.8462199678384676,3.846219946131405,0.011967070387308106,15.624221279100032,0.030302869950272617,0.0028642154730957312
0.9380000000000001,3.867027467240611,3.867027382808126,0.008839739492920457,15.644904658820852,0.030298507836300153,0.0015628198860539522
0.9400000000000001,3.8815778404815444,3.881577693442191,0.005710779484477534,15.640526951615728,0.030296358075036386,0.0006522600464065897
0.9420000000000001,3.8898728350739655,3.8898726256470963,0.002585192535745668,15.611195191010776,0.030295637448327115,0.00013366440893750232
0.9440000000000001,3.891924178837609,3.891923907343045,-0.0005320445336357408,15.557055824677722,0.030295562984570455,5.6614277154334585e-06
0.9460000000000001,3.887753521333223,3.8877531881907563,-0.0036359881028872262,15.478294323275147,0.030295356932699434,0.000264408189686749
0.9480000000000001,3.877392359689378,3.877391965418106,-0.006721735510500992,15.375134728547492,0.030294251663320768,0.0009036345654626006
0.9500000000000001,3.8608819490028305,3.8608814942203424,-0.009784432718277784,15.247839141645766,0.030291494466364314,0.0019147024723700954
0.9520000000000001,3.838273197517089,3.838272682938474,-0.0128192818671373,15.09670715272561,0.030286352215501695,0.0032866797517823033
0.9540000000000001,3.809626546807291,3.8096259732440054,-0.015821548713070635,14.922075212967751,0.030278115870678027,0.0050064280736013414
0.9560000000000001,3.775011837222553,3.7750112055811136,-0.01878656993184105,14.724315950253391,0.030266104791360562,0.007058704196079086
0.9580000000000001,3.7345081588594744,3.734507470140016,-0.021709760281294427,14.503837429812009,0.030249670834532304,0.009426273829425381
0.96,3.6882036883624902,3.6882029436571564,-0.024586619610412506,14.26108236124171,0.03022820221303696,0.012090037277342416
0.962,3.636195511868216,3.636194712359398,-0.027412739704530172,13.996527253382261,0.03020112709160274,0.015029165962166498
0.964,3.578589434431781,3.578588581390226,-0.030183810956441758,13.710681518598289,0.030167916899724617,0.018221248877084272
0.966,3.515499776293386,3.5154988710761383,-0.03289562885344043,13.404086528104736,0.03012808934255421,0.021642447953266055
0.968,3.4470491563628958,3.447048200411134,-0.03554410027066827,13.077314620038218,0.030081211093020907,0.0252676612810264
0.97,3.3733682633191804,3.3733672581558736,-0.03812524956150236,12.730968062046674,0.030026900150572307,0.02907069308253672
0.972,3.2945956147391064,3.29459456196656,-0.040635224436063294,12.36567797023516,0.029964827854162476,0.03302442929938471
0.974,3.210877304688536,3.210876205985826,-0.04307030161930627,11.982103186368018,0.02989472053941792,0.03710101763156033
0.976,3.1223667402243933,3.12236559734463,-0.04542689228054111,11.58092911528675,0.029816360832258432,0.041272050845357705
0.978,3.0292243672727537,3.0292231820402797,-0.04770154722662483,11.162866524558519,0.029729588573627622,0.04550875215627838
0.98,2.9316173863630373,2.9316161606704623,-0.049890961851478906,10.728650308422571,0.029634301372380708,0.04978216148931447
0.982,2.829719458712653,2.829718194517793,-0.05199198083500155,10.279038218150582,0.029530454785769898,0.054063321422943365
0.984,2.723710403169876,2.723709102492618,-0.05400160258487314,9.81480956098204,0.029418062129344502,0.05832346163469155
0.986,2.613775884535312,2.613774549454327,-0.055916983415189546,9.336763869837457,0.02929719392042962,0.06253418068509166
0.988,2.5001070937939938,2.5001057264433735,-0.05773544145630225,8.84571954604993,0.02916797696164862,0.06666762400308208
0.99,2.382900420800929,2.382899023366769,-0.05945446029069595,8.342512477389796,0.029030593073196193,0.07069665696915882
0.992,2.2623571199728256,2.2623556946896524,-0.06107169231019223,7.827994633687458,0.02888527748473744,0.07459503203261585
0.994,2.13868296954766,2.138681518694862,-0.06258496179023176,7.303032642386006,0.028732316899890246,0.0783375488456954
0.996,2.0120879249817945,2.012086450879903,-0.06399226767745604,6.768506346378057,0.02857204724823101,0.0819002064500637
0.998,1.8827857670614183,1.8827842720683616,-0.0652917860872825,6.225307346500023,0.028404851141635393,0.08526034660934914
1.0,1.7509937453112536,1.7509922318185756,-0.06648187250864325,5.674337531072149,0.028231155053515738,0.0883967874451099
1.002,1.6169322172886111,1.6169306877175733,-0.06756106371353614,5.116507594883721,0.028051426241134176,0.09128994660208979
1.004,1.4808242843551345,1.4808227411528039,-0.06852807936951805,4.552735550030177,0.027866169432646616,0.0939219532414993
1.006,1.3428954245218123,1.34289387015714,-0.06938182335375159,3.9839452310122176,0.027675923301859185,0.0962767482378238
1.008,1.2033731229651385,1.203371559924937,-0.07012138476769861,3.411064796506582,0.027481256754847912,0.09834017203479269
1.01,1.062486500813634,1.062484931598555,-0.07074603865203556,2.835025230213825,0.02728276505359895,0.10010003969910619
1.012,0.920465942804308,0.920464369924842,-0.07125524640184605,2.256758843180311,0.02708106580266422,0.1015462027957559
1.014,0.7775427244080544,0.7775411503804238,-0.07164865588262397,1.6771977799797382,0.026876794825493128,0.10267059779573331
1.016,0.6339486390214274,0.6339470663635728,-0.07192610124809663,1.097272531123777,0.02667060195759148,0.10346728081502896
1.018,0.4899156258197575,0.4899140570472318,-0.07208760246134896,0.5179104540520509,0.02646314678397215,0.10393244857250969
1.02,0.34567539886313103,0.34567383648503824,-0.0721333645211977,-0.059965694971429784,0.026255094348498282,0.10406444554295965
1.022,0.20145907804240049,0.20145752455738222,-0.07206377639622756,-0.6354392157549493,0.026047110862678812,0.1038637573697097
1.024,0.05749682244710742,0.057495280339270725,-0.07187940966935814,-1.2076009035987332,0.025839859441260115,0.10333299068830834
1.026,-0.0859825332689888,-0.08598406153408074,-0.07158101689626133,-1.7755504710011818,0.025633995891568954,0.10247683959805699
1.028,-0.22875183895616696,-0.22875335093543508,-0.07116952968139234,-2.3383979494525144,0.025430164583004584,0.10130203910141171
1.03,-0.3705859849101393,-0.3705874781869814,-0.0706460564758336,-2.895265069157229,0.025228994422356984,0.09981730591173339
1.032,-0.5112622531347677,-0.5112637253229053,-0.0700118801015778,-3.4452866145706267,0.025031094959749402,0.0980332671071541
1.034,-0.6505606633839549,-0.6505621121313193,-0.06926845500729505,-3.987611753681721,0.024837052648973432,0.09596237718195316
1.036,-0.7882643134510653,-0.7882657364435889,-0.06841740426103726,-4.521405339025007,0.02464742728481196,0.09361882411636399
1.038,-0.9241597131855359,-0.924161108150844,-0.06746051628573156,-5.045849178456775,0.02446274863863761,0.09101842515074907
1.04,-1.0580371117284297,-1.058038476439539,-0.06639974134370139,-5.560143273787746,0.024283513312141514,0.08817851301020894
1.042,-1.1896908174715424,-1.1896921497504462,-0.06523718777683016,-6.063507025422773,0.024110181827499206,0.08511781338058796
1.044,-1.318919510258263,-1.3189208079794021,-0.0639751180093457,-6.555180401219966,0.023943175970628335,0.08185631448619417
1.046,-1.4455265453587045,-1.4455278064524242,-0.0626159443205551,-7.03442506784592,0.02378287640244763,0.07841512966309715
1.048,-1.569320248766618,-1.569321471222495,-0.06116222439519754,-7.500525482970422,0.023629620551220323,0.07481635385936994
1.05,-1.6901142033812628,-1.6901153852513038,-0.05961665665940714,-7.952789946713194,0.023483700797170326,0.07108291502491267
1.052,-1.8077275256537069,-1.8077286650555235,-0.05798207541058812,-8.39055161082659,0.023345362958607785,0.06723842137838255
1.054,-1.921985132293931,-1.9219862274137185,-0.05626144574980077,-8.81316944417174,0.023214805086806713,0.0633070055571555
1.056,-2.0327179966525946,-2.032719045748077,-0.054457858325537324,-9.220029153121125,0.023092176574852148,0.05931316666808589
1.058,-2.1397633944093397,-2.1397643958125596,-0.05257452389803283,-9.610544055598016,0.02297757758363248,0.0552816112620965
1.06,-2.242965138218064,-2.2429660903380304,-0.050614767733505976,-9.984155907542375,0.022871058786106943,0.05123709425433515
1.062,-2.3421738009786104,-2.3421747023038724,-0.04858202383795894,-10.34033568067362,0.022772621428941237,0.047204260803840214
1.064,-2.437246927423803,-2.4372477765248672,-0.046479829040382906,-10.67858429050287,0.02268221770858965,0.04320749015246444
1.066,-2.5280492337306586,-2.528050029262248,-0.044311816935417275,-10.99843327363098,0.02259975145692201,0.039270742402358665
1.068,-2.6144527948848815,-2.6144535355881175,-0.04208171169569459,-11.299445413453418,0.022525079129560532,0.03541740918479118
1.07,-2.6963372195483912,-2.6963379042527653,-0.03979332176427065,-11.581215313478978,0.02245801108821778,0.03167016914069553
1.072,-2.7735898122005684,-2.7735904398258313,-0.03745053343768906,-11.843369917556055,0.022398313166522903,0.02805084909534933
1.074,-2.8461057223451633,-2.8461062919030384,-0.035057304350362035,-12.085568976387894,0.022345708507101332,0.024580291766278257
1.076,-2.913788080596267,-2.913788591191995,-0.032617656871064264,-12.307505459806352,0.02229987965604218,0.021278230795169717
1.078,-2.976548121478453,-2.976548572312232,-0.030135671422433657,-12.508905914362485,0.022260470899358238,0.018163173841617693
1.08,-3.034305292798074,-3.034305683166312,-0.02761547973445244,-12.689530765881345,0.02222709082462458,0.01525229441927907
1.082,-3.0869873514646837,-3.08698768076109,-0.02506125804294358,-12.849174566717606,0.022199315089680906,0.012561333093900085
1.084,-3.1345304456637018,-3.134530713380247,-0.022477220244161215,-12.987666187538032,0.022176689379108022,0.010104508598090615
1.086,-3.1768791833036074,-3.1768793890313125,-0.019867611016579745,-13.104868953546024,0.022158732528146197,0.007894439350122417
1.088,-3.2139866866831692,-3.213986830112712,-0.017236698920994158,-13.20068072515256,0.02214493979281832,0.0059420757938600235
1.09,-3.24581463334644,-3.245814714268644,-0.01458876949003454,-13.27503392318645,0.022134786244258582,0.004256643904667253
1.092,-3.272333283115429,-3.2723333014215426,-0.011928118318170223,-13.327895498825121,0.022127730264631346,0.0028456001322453603
1.094,-3.293521491312472,-3.2935214469943235,-0.009259044163234054,-13.35926684851457,0.022123217121557855,0.001714597976334372
1.096,-3.3093667082063116,-3.3093666013562824,-0.006585842070434876,-13.369183674233945,0.022120682597652104,0.0008674663155341987
1.098,-3.319864964737775,-3.3198647955486065,-0.003912796529746536,-13.357715789546031,0.022119556651602677,0.0003061995336639307
1.1,-3.3250208446026086,-3.325020613367062,-0.0012441746774650817,-13.324966871959736,0.022119267087223917,3.0959412560906796e-05
1.102,-3.324847442790503,-3.3248471499008425,0.001415780447387863,-13.271074162214255,0.022119243207037127,4.0088685504115555e-05
1.104,-3.319366310700575,-3.3193659566478995,0.004062856581267716,-13.196208111176945,0.022118919427227646,0.00033013607199900796
1.106,-3.308607387974514,-3.3086069733479255,0.006692878838514245,-13.100571975127771,0.022117738831254233,0.0008958925429406358
1.108,-3.2926089212092657,-3.292608446694881,0.00930171622772479,-12.984401360282567,0.022115156639959284,0.001730438495622374
1.11,-3.2714173697313913,-3.271416836111195,0.011885288072032861,-12.847963717484909,0.02211064357673654,0.002825201451104132
1.112,-3.2450872986352137,-3.245086706785755,0.014439570323425186,-12.691557788072352,0.022103689107152883,0.004170023822502826
1.114,-3.2136812593063526,-3.2136806101973017,0.016960601761438782,-12.515513001996634,0.02209380453338433,0.005753240242202406
1.116,-3.177269657671372,-3.1772689523639075,0.01944449006680286,-12.32018882934943,0.022080525924908286,0.007561763879159902
1.118,-3.1359306104328764,-3.1359298500779356,0.021887417760827636,-12.105974086514953,0.02206341686808479,0.009581181124739862
1.12,-3.0897497895675734,-3.0897489754039698,0.024285648001593232,-11.873286198238429,0.022042071018552177,0.011795853977145788
1.122,-3.038820255382403,-3.038819388734776,0.026635530228256155,-11.62257041696449,0.022016114441746483,0.014189029410806946
1.124,-2.9832422784409736,-2.9832413607176185,0.02893350564506802,-11.354299000862534,0.0219852077283213,0.016742954978263662
1.1260000000000001,-2.923123150689033,-2.923122183379603,0.0311761125369907,-11.068970352016319,0.0219490478727839,0.019438999858382176
1.1280000000000001,-2.8585769861236527,-2.8585759707967053,0.03335999140909322,-10.767108116312746,0.02190736990526544,0.022257780536295475
1.1300000000000001,-2.7897245113661118,-2.7897234496665613,0.03548188994222844,-10.449260246619879,0.021859948267995838,0.02517929027744823
1.1320000000000001,-2.716692846513162,-2.7166917401595794,0.03753866775781063,-10.115998030896435,0.02180659792974803,0.028183031540625826
1.1340000000000001,-2.6396152766553653,-2.6396141274371723,0.039527300984848794,-9.767915086924486,0.021747175233238904,0.03124815046293657
1.1360000000000001,-2.5586310144645625,-2.5586298242391288,0.041444886622733206,-9.405626325403587,0.02168157847221596,0.0343535725434242
1.1380000000000001,-2.473884954265163,-2.473883724954769,0.04328864669362516,-9.029766883188149,0.021609748196706614,0.03747813865131008
1.1400000000000001,-2.3855274180159145,-2.3855261516046142,0.04505593217866,-8.640991028490458,0.0215316672466514,0.0406007404897602
1.1420000000000001,-2.2937138936399983,-2.293712592170418,0.046744226732542075,-8.239971039909152,0.02144736051587083,0.04370045465646603
1.1440000000000001,-2.1986047661517816,-2.1986034317217737,0.04835115017148545,-7.827396061177417,0.02135689445001835,0.046756674458110756
1.1460000000000001,-2.100365042038259,-2.1003636767974965,0.049874461729836526,-7.403970933556306,0.021260376283837396,0.049749238656818566
1.1480000000000001,-1.999164067362166,-1.999162673508676,0.051312063081102324,-6.970415007826618,0.0211579530246592,0.05265855635278048
1.1500000000000001,-1.8951752400618973,-1.8951738198384613,0.05266200111950175,-6.527460937857555,0.021049810190639357,0.055465727238208064
1.1520000000000001,-1.7885757169307377,-1.788574272621291,0.0539224704985547,-6.075853457751856,0.02093617031372611,0.05815265649335003
1.154,-1.6795461157644795,-1.6795446496903939,0.055091815923625886,-5.6163481445854,0.020817291218772495,0.060702163635253575
1.156,-1.5682702131722641,-1.5682687276885656,0.056168534195745363,-5.149710168774149,0.02069346409153984,0.06309808467397234
1.158,-1.4549346385504316,-1.4549331360420121,0.05715127600443543,-4.676713034113018,0.020565011349583537,0.06532536697870314
1.16,-1.3397285647232933,-1.3397270476010705,0.058038847467683605,-4.198137309539501,0.02043228433115629,0.06737015630754087
1.162,-1.2228433957580565,-1.2228418664550387,0.05883021141761216,-3.7147693546799827,0.020295660818302908,0.06921987550881888
1.164,-1.1044724524636118,-1.1044709134310071,0.05952448843080696,-3.227400041238308,0.020155542411248326,0.07086329445898543
1.166,-0.9848106560845582,-0.9848091097877864,0.060120957602679666,-2.736823472284639,0.020012351771991427,0.07229059086126412
1.168,-0.864054210702685,-0.8640526596173999,0.06061905706564896,-2.2438357014977606,0.019866529755708108,0.07349340159056811
1.17,-0.7424002848581417,-0.7423987314662704,0.061018384251336086,-1.749233454405845,0.0197185324491334,0.074464864332874
1.172,-0.6200466929017352,-0.6200451396874466,0.06131869589737792,-1.2538128536593824,0.019568828135532318,0.07519964933110224
1.174,-0.4971915765881752,-0.49719002603387913,0.06151990779986634,-0.7583681503553741,0.019417894206180744,0.0756939811140811
1.176,-0.37403308741767316,-0.37403154200005734,0.06162209431282443,-0.2636904634142041,0.019266214038459538,0.07594565014997258
1.178,-0.2507690702300765,-0.2507675324160797,0.06162548759652862,0.22943347101026634,0.019114273860717627,0.07595401443019804
1.18,-0.1275967485517102,-0.12759522079460048,0.0615304766168794,0.7202225381307473,0.01896255962398365,0.07571999105400685
1.182,-0.0047124121903004785,-0.004710896925701841,0.06133760589841212,1.2079024692070404,0.01881155390040191,0.07524603794697843
1.184,0.11768889243221,0.11769039279022706,0.06104757403392213,1.6917070504072824,0.018661732827939856,0.07453612590854407
1.186,0.23941366872547376,0.2394151517882317,0.060661231954055574,2.1708793139830065,0.018513563120463847,0.07359570124367466
1.188,0.3602702726787675,0.3602717360868426,0.06017958096058662,2.6446727099268026,0.018367499161711064,0.07243163929183599
1.19,0.48006921144263504,0.4800706528696365,0.05960377052746469,3.1123522563198343,0.018223980201003652,0.07105218922181337
1.192,0.5986234372840648,0.5986248544403245,0.05893509587406949,3.5731956666176488,0.018083427667760388,0.06946691051371524
1.194,0.7157486364643418,0.7157500271006081,0.05817499531545777,4.0264944521665225,0.017946242620968795,0.06768660159907067
1.196,0.8312635125986274,0.8312648745096574,0.057325047394722606,4.471554998288962,0.01781280334879158,0.06572322117614386
1.198,0.9449900640668811,0.9449913950949286,0.05638696780291345,4.907699612325794,0.017683463132404244,0.06358980276013596
1.2,1.0567538550569637,1.0567551530952626,0.05536260609228269,5.334267542073508,0.017558548187001793,0.06130036306658514
1.202,1.166384279832596,1.1663855428286722,0.05425394218893132,5.750615963109011,0.017438355791680717,0.05886980486079804
1.204,1.2737148198312902,1.2737160457902599,0.05306308271122239,6.156120933549609,0.017323152618605855,0.05631381493636057
1.206,1.378583293210398,1.3785844801981373,0.05179225710061566,6.5501783148539054,0.01721317327051902,0.053648757911525465
1.208,1.4808320964730002,1.4808332426191844,0.05044381357184969,6.932204657328994,0.017108619034246878,0.050891566553430544
1.21,1.5803084378194743,1.580309541320572,0.04902021488965845,7.301638049071066,0.017009656856428315,0.048059629356565846
1.212,1.6768645618852083,1.6768656210073372,0.047524033979457855,7.65793892712999,0.01691641854621627,0.0451706761136133
1.214,1.7703579655400286,1.770358978621666,0.04595794937967281,8.000590849753571,0.0168290002082249,0.04224266222369137
1.216,1.8606516044404855,1.860652569895118,0.044324740543597876,8.329101228633899,0.016747461907500254,0.03929365248514539
1.218,1.9476140900421264,1.947615006360746,0.042627282998893117,8.643002020146367,0.01667182756679985,0.03634170511735444
1.22,2.0311198767952936,2.0311207425487456,0.04086854337301179,8.94185037464141,0.016602085094984585,0.03340475674863492
1.222,2.1110494392647627,2.1110502531060176,0.03905157429303746,9.2252292429198,0.01653818674386326,0.030500509095292484
1.224,2.187289438930654,2.1872901995968825,0.03717950916857476,9.49274793909411,0.016480049689395822,0.02764631804032269
1.226,2.2597328804454957,2.2597335867600616,0.0352555568664902,9.744042659111788,0.016427556831764615,0.024859085799326486
1.228,2.328279257140057,2.3282799080143435,0.0332829962864371,9.97877695428897,0.01638055780747224,0.022155156836059713
1.23,2.3928346855885514,2.3928352800236232,0.03126517084622131,10.196642159278632,0.016338870205328357,0.01955021816086814
1.232,2.4533120290620407,2.4533125661502067,0.029205482886172317,10.39735777397161,0.016302280976953534,0.01705920461229008
1.234,2.5096310097172942,2.509631488643494,0.027107388001776946,10.580671798904715,0.016270548031263696,0.014696209685577614
1.236,2.561718309386955,2.561718729429983,0.024974389313910533,10.746361023826031,0.01624340200131056,0.012474402432055373
1.238,2.6095076588555886,2.6095080193892,0.022810031686062784,10.89423126914361,0.01622054817084789,0.010405950910383764
1.24,2.6529399155250473,2.652940216018875,0.020617895898002614,11.024117580060242,0.016201668547076456,0.00850195262521746
1.242,2.6919631293914983,2.6919633694118428,0.01840159278535817,11.135884373273157,0.016186424065197266,0.006772372340762916
1.244,2.7265325972754377,2.7265327764858855,0.016164757354604778,11.229425536193846,0.016174456909677334,0.005225987606664985
1.246,2.7566109052650005,2.7566110234268786,0.013911042882954971,11.3046644787191,0.016165392936508913,0.003870342281828243
1.248,2.782167959351855,2.7821680163245475,0.011644115012630898,11.361554137660038,0.016158844180225014,0.0027117082885475255
1.25,2.803181004257906,2.803180999998997,0.009367645848970598,11.400076934011036,0.016154411429023404,0.0017550557750347215
1.252,2.819634630469883,2.819634565035142,0.007085308071775743,11.420244683315047,0.01615168685104992,0.0010040318094394099
1.254,2.831520769517673,2.831520643060888,0.004800769069249758,11.422098459455688,0.016150256654701236,0.0004609476731253037
1.256,2.838838677550843,2.8388384903234956,0.0025176851038018334,11.405708412279408,0.016149703765726768,0.00012677476563811298
1.258,2.841594907286313,2.8415946596370842,0.0002396955189044622,11.37117353952334,0.01614961050393993,1.149078835657588e-06
1.26,2.8398032684183696,2.839802960792508,-0.002029583003910118,11.318621413595276,0.016149561242488113,8.238414339521637e-05
1.262,2.833484776600304,2.8334844095388214,-0.004286562128945491,11.248207863822307,0.016149145032877895,0.00036749229770619403
1.264,2.822667591124735,2.822667165263463,-0.006527687482289751,11.160116614853145,0.01614795817930404,0.0008522140773288461
1.266,2.8073869414472514,2.8073864575157303,-0.008749444191122165,11.054558881966562,0.016145606746284912,0.0015310554730712282
1.268,2.787685042715202,2.7876845015354363,-0.010948362337839785,10.931772924104012,0.01614170898415926,0.0023973327576125732
1.27,2.7636110004804064,2.76361040296546,-0.013121022320636003,10.792023555508905,0.016135897657645767,0.0034432245347725643
1.272,2.7352207047910952,2.735220051943542,-0.015264060112345873,10.635601616917464,0.016127822263402335,0.004659830622266166
1.274,2.7025767138745618,2.702576006784804,-0.017374172409568067,10.462823407306885,0.01611715112334103,0.006037237338347925
1.276,2.6657481276378037,2.6657473674822336,-0.019448121664280463,10.274030077265605,0.01610357334135219,0.0075645887253731016
1.278,2.6248104512287607,2.624809639267802,-0.02148274099038499,10.069586985107343,0.016086800612059297,0.00923016320919935
1.28,2.5798454489156613,2.5798445864916664,-0.023474938937847297,9.849883016905698,0.016066568871259995,0.011021455162713184
1.282,2.5309409885564342,2.530940077091445,-0.02542170412733744,9.615329871678988,0.01604263977879947,0.012925260814757708
1.284,2.478190876944057,2.478189917937466,-0.02732010973852884,9.366361313005651,0.016014802025763802,0.01492776792250517
1.286,2.421694686327156,2.421693681353211,-0.02916731784547374,9.103432388399149,0.01598287245906482,0.017014648605977817
1.288,2.361557572418062,2.361556523123271,-0.030960583592743816,8.827018617817373,0.015946697017706568,0.01917115472806555
1.29,2.297890084212872,2.297888992313302,-0.03269725920630398,8.537615152725408,0.01590615147626883,0.021382215192084608
1.292,2.2308079659598383,2.2308068332382827,-0.03437479783337548,8.235735907171843,0.01586114199240692,0.02363253452170871
1.294,2.1604319516236083,2.160430779926657,-0.035990757205840156,7.92191266237763,0.01581160545644106,0.025906692084994704
1.296,2.0868875522034296,2.086886343438461,-0.03754280312204146,7.596694146372889,0.01575750964238507,0.028189241325207316
1.298,2.0103048362734066,2.0103035924054415,-0.03902871274214807,7.260645090250665,0.015698853161034053,0.03046480836618223
1.3,1.9308182041222637,1.9308169271707805,-0.040446377692563075,6.914345262637793,0.015635665216987168,0.03271818936898928
1.302,1.848566155878763,1.848564847914379,-0.041793806975184526,6.5583884840113615,0.015568005172715688,0.03493444602957966
1.304,1.7636910540169997,1.7636897171580979,-0.04306912967765151,6.193381622514968,0.015495961923990999,0.037098998623807236
1.306,1.6763388806431934,1.6763375170524926,-0.04427059748104303,5.819943572951913,0.015419653092154815,0.03919771602657066
1.308,1.586658989972318,1.586657601853335,-0.0453965869618345,5.438704220652582,0.015339224039836962,0.04121700215566804
1.31,1.4948038564089687,1.4948024460024372,-0.046445601685257916,5.050303391930717,0.015254846717798413,0.04314387831811266
1.312,1.4009288186522255,1.4009273882324833,-0.047416274087556186,4.655389792857778,0.0151667183515919,0.04496606096692504
1.314,1.305191820248944,1.3051903721202147,-0.048307367144969096,4.254619938096394,0.015075059977683701,0.04667203440957679
1.316,1.2077531470238847,1.207751683516579,-0.04911777582763768,3.8486570715427852,0.014980114839562537,0.04825111804508137
1.318,1.1087751618183608,1.1087736852852816,-0.049846528336964284,3.4381700805341575,0.01488214665516958,0.04969352774495567
1.32,1.0084220369716683,1.0084205497842076,-0.05049278712531715,3.0238324053803303,0.014781437767713144,0.05099043103365187
1.322,0.9068594849814219,0.9068579895257595,-0.05105584969732047,2.606320945979278,0.014678287192578436,0.05213399576630758
1.324,0.8042544877800958,0.8042529864533238,-0.0515351491923224,2.186314967273935,0.014573008573603491,0.05311743204549857
1.326,0.7007750250655256,0.7007735202717862,-0.05193025474798461,1.7644950053024102,0.014465928062464065,0.05393502716381156
1.328,0.5965898021228951,0.5965882962695389,-0.05224087164528667,1.3415417755858472,0.014357382135290654,0.054582173405186334
1.33,0.49186797757479356,0.49186647306848086,-0.0524668412355864,0.9181350855874462,0.014247715360928183,0.05505538858480459
1.332,0.3867788914943027,0.3867773907371374,-0.05260814065072249,0.4949527529627611,0.014137278135442122,0.055352329254524
1.334,0.2814917943137573,0.2814902996994608,-0.052664882297488586,0.07266953130525766,0.014026424397573588,0.05547179654816652
1.336,0.17617557695882452,0.1761740908688615,-0.052637313138146555,-0.34804395492763307,0.01391550933985003,0.05541373468806592
1.338,0.0709985026338752,0.07099702743367725,-0.052525813758981854,-0.7665222646441363,0.013804887129968742,0.05517922222086495
1.34,-0.03387205931971391,-0.03387352128455951,-0.05233089722923432,-1.182106181863542,0.013694908656888539,0.054770456096333686
1.342,-0.13826989707568452,-0.1382713434831823,-0.05205320775306296,-1.5941437433639973,0.013585919315792313,0.05419072874767069
1.344,-0.24203021707443986,-0.24203164562986415,-0.05169351911752326,-2.0019912506482247,0.013478256845722916,0.053444398375074864
1.346,-0.34498990146927344,-0.34499130990885407,-0.05125273293984923,-2.4050142646740786,0.01337224923324909,0.052536852676070125
1.348,-0.44698776186944056,-0.4469891479639667,-0.0507318767176398,-2.802588581830558,0.01326821269499112,0.051474466305876064
1.35,-0.5478647889897326,-0.5478661505480703,-0.05013210168584937,-3.1941011896759175,0.013166449751231234,0.050264552388806824
1.352,-0.6474643978243066,-0.6474657326969143,-0.04945468048477532,-3.5789512009927327,0.013067247402156066,0.04891530843702433
1.354,-0.7456326679711951,-0.7456339740534972,-0.04870100464352018,-3.956550764755184,0.012970875417532555,0.04743575706576348
1.356,-0.8422185787431544,-0.8422198539789003,-0.04787258188368306,-4.326325952646279,0.012877584749809977,0.0458356819241988
1.358,-0.9370742387102896,-0.9370754810948054,-0.04697103324830281,-4.687717619807215,0.012787606079774779,0.044125559288263366
1.36,-1.0300551093301962,-1.030056316913523,-0.04599809006133446,-5.040182238547474,0.012701148502967663,0.042316485785812714
1.362,-1.1210202223321788,-1.1210213932221722,-0.04495559072318988,-5.3831927037925125,0.012618398364110155,0.04042010274541912
1.364,-1.2098323905334045,-1.2098335228987112,-0.0438454773481134,-5.716239109095886,0.012539518245787171,0.038448517677678505
1.366,-1.2963584117766227,-1.2963595038495317,-0.0426697922493924,-6.038829492094338,0.012464646116599554,0.036414223412126155
1.368,-1.380469265691308,-1.3804703157705447,-0.041430674278622064,-6.350490548337674,0.012393894642942977,0.034330015423625515
1.37,-1.4620403029927258,-1.4620413094461122,-0.04013035502545162,-6.6507683124799355,0.012327350667494075,0.032208907889375804
1.372,-1.5409514270464755,-1.540952388313453,-0.03877115488443647,-6.939228805874631,0.012265074856397948,0.03006404902145924
1.374,-1.6170872674395065,-1.6170881820335938,-0.03735547899580631,-7.215458649674153,0.01220710151606057,0.02790863622012253
1.3760000000000001,-1.69033734531239,-1.6903382118234593,-0.03588581306713357,-7.479065642592231,0.012153438579361749,0.025755831589785092
1.3780000000000001,-1.7605962302217744,-1.7605970473182542,-0.03436471908304868,-7.729679302548071,0.012104067760026496,0.023618678353137003
1.3800000000000001,-1.8277636883163821,-1.8277644547473064,-0.03279483091029888,-7.966951371471506,0.012058944872831285,0.0215100186887019
1.3820000000000001,-1.8917448216246586,-1.891745536221568,-0.031178849805585353,-8.190556282610341,0.01201800031628367,0.019442413503984995
1.3840000000000001,-1.9524501982671587,-1.9524508599459045,-0.029519539833738874,-8.400191589743413,0.011981139713405415,0.01742806463991392
1.3860000000000001,-2.0097959734220128,-2.009796581184401,-0.027819723203907264,-8.595578357766197,0.011948244705276754,0.015478739982840325
1.3880000000000001,-2.063704000887248,-2.063704553822531,-0.0260822755315281,-8.776461514179553,0.011919173891068818,0.013605701938050989
1.3900000000000001,-2.114101935099386,-2.1141024323856454,-0.024310121033947668,-8.942610161076498,0.011893763907407862,0.011819639693703697
1.3920000000000001,-2.1609233234835306,-2.160923764388879,-0.02250622766762167,-9.093817847286555,0.011871830639084311,0.010130605676536383
1.3940000000000001,-2.204107689026099,-2.204108072909766,-0.0206736022148948,-9.229902800402291,0.011853170552346456,0.008547956570794062
1.3960000000000001,-2.2436006029773954,-2.243600929290653,-0.018815285328404853,-9.350708118477678,0.0118375621413075,0.007080299239785738
1.3980000000000001,-2.2793537476073458,-2.2793540158942713,-0.016934346541192632,-9.456101921253236,0.011824767477349318,0.0057354418555440575
1.4000000000000001,-2.311324968953913,-2.3113251788520266,-0.01503387925062133,-9.545977460828079,0.011814533850830929,0.0045203505064452506
1.4020000000000001,-2.33947831951992,-2.3394784707606586,-0.013116995684218587,-9.620253191764052,0.011806595493906542,0.003441111515596181
1.4040000000000001,-2.363784090890239,-2.363784183299271,-0.011186821855550902,-9.678872800671975,0.011800675372830745,0.0025028996645566266
1.4060000000000001,-2.3842188362575105,-2.3842188697549136,-0.009246492518223544,-9.721805195394513,0.011796487037778056,0.0017099524777912795
1.408,-2.400765382860708,-2.4007653574609864,-0.007299146126069909,-9.74904445396423,0.011793736517933251,0.0010655506833944274
1.41,-2.4134128343569605,-2.41341275016891,-0.005347919807552076,-9.760609733578884,0.011792124249417835,0.0005720049253601566
1.412,-2.4221565631630346,-2.4221564203894603,-0.003395944362339702,-9.756545139898932,0.011791347023508062,0.00023064876224213613
1.414,-2.4269981928187407,-2.426997991756017,-0.00144633928796711,-9.736919557034305,0.011791099942570453,4.183794671834414e-05
1.416,-2.4279455704402535,-2.427945311477743,0.0004977921556110927,-9.701826438648792,0.011791078371191836,4.955940603758768e-06
1.418,-2.425012729346897,-2.4250124129662116,0.0024333678358372723,-9.651383560670842,0.011790979870111408,0.00011842558048974741
1.42,-2.41821984196028,-2.418219468734399,0.00435733158411601,-9.5857327361588,0.011790506100770476,0.00037972677067869874
1.422,-2.4075931630898246,-2.40759273368207,0.0062666579716178835,-9.50503949292694,0.011789364688579943,0.0007854200426648393
1.424,-2.393164963733611,-2.39316447889647,0.008158357016939356,-9.409492714595658,0.011787271033363411,0.0013311757843168725
1.426,-2.3749734555380972,-2.374972916111911,0.01002947881837458,-9.299304245784898,0.011783950055862262,0.002011808907364487
1.428,-2.3530627060746028,-2.353062112986111,0.011877118103704228,-9.174708462224327,0.011779137869684958,0.0028213186889867745
1.43,-2.327482545104502,-2.3274818993652504,0.013698418690566476,-9.035961806606677,0.011772583368642564,0.0037529334924412197
1.432,-2.2982884620187325,-2.2982877647233515,0.01549057785064569,-8.883342291062016,0.011764049720031436,0.004799160042938296
1.434,-2.265541494650622,-2.265540746974963,0.017250850571094975,-8.717148967180588,0.011753315755098788,0.005951836908524956
1.436,-2.2293081096739704,-2.2293073128731202,0.01897655370679905,-8.5377013645599,0.011740177248651408,0.007202191811740575
1.438,-2.1896600748109556,-2.189659230217132,0.020665070017283783,-8.345338898898147,0.011724448080538444,0.008540902376384822
1.44,-2.146674323086567,-2.14667343210688,0.022313852082287543,-8.140420250700517,0.011705961272549381,0.009958159895004162
1.442,-2.1004328093780695,-2.1004318734921688,0.023920426090227237,-7.923322715707734,0.011684569895113819,0.011443735686760478
1.444,-2.0510223595192714,-2.0510213802768953,0.025482395494017738,-7.69444152819673,0.011660147839063677,0.012987049602270711
1.446,-1.9985345122302467,-1.9985334912486306,0.026997444528937455,-7.4541891583422375,0.011632590448616054,0.014577240221861097
1.448,-1.9430653541535177,-1.9430642931147344,0.028463341587474104,-7.202994584864588,0.011601815012649633,0.016203236286504656
1.45,-1.8847153482876071,-1.8847142489357722,0.029877942446333405,-6.941302544223761,0.011567761112273811,0.01785382889652823
1.452,-1.82358915611823,-1.8235880202566248,0.031239193341048643,-6.669572757651947,0.011530390823621086,0.01951774401198836
1.454,-1.7597954537562706,-1.7597942832443914,0.03254513388389056,-6.388279137347271,0.011489688775724285,0.021183714790407232
1.456,-1.693446742400026,-1.6934455391505128,0.033793899821044485,-6.097908973179214,0.011445662064264471,0.022840553302295806
1.458,-1.6246591534469823,-1.6246579194224828,0.034983725625294136,-5.798962101282046,0.011398340022887438,0.024477221172517234
1.46,-1.5535522485876438,-1.5535509857976189,0.03611294692072945,-5.491950055935987,0.011347773854680563,0.026082898705988455
1.462,-1.4802488152206137,-1.480247525718029,0.03718000273627761,-5.177395206156903,0.011294036127272115,0.027647052069392216
1.464,-1.4048746575342401,-1.404873343412243,0.038183437585142706,-4.855829878434107,0.01123722013585634,0.02915949811636977
1.466,-1.3275583836056897,-1.327557046994179,0.03912190336752897,-4.527795467072179,0.011177439139254876,0.030610466461965493
1.468,-1.2484311888732564,-1.2484298319354195,0.039994161094315174,-4.193841533606722,0.011114825474893151,0.031990658432760666
1.47,-1.1676266363420946,-1.1676252612709128,0.04079908242964294,-3.8545248967755197,0.011049529559295104,0.03329130254201598
1.472,-1.0852804338873352,-1.085279042902007,0.04153565105067901,-3.5104087145357603,0.010981718781376227,0.03450420616407545
1.474,-1.0015302090217306,-1.0015288043640773,0.04220296382311026,-3.1620615596247172,0.010911576296439988,0.03562180310909506
1.476,-0.9165152814975511,-0.9165138654284128,0.042800231791230374,-2.810056490165597,0.010839299729352306,0.036637196827660944
1.478,-0.8303764341144443,-0.8303750089100057,0.04332678098177748,-2.4549701168222278,0.010765099795879814,0.037544199004858295
1.48,-0.743255682106341,-0.7432542500544594,0.04378205302098289,-2.0973816680057062,0.010689198851627509,0.03833736333464314
1.482,-0.6552960414812778,-0.6552946048778208,0.04416560556459143,-1.7378720546332826,0.010611829378397414,0.03901201429774139
1.484,-0.5666412966881832,-0.5666398578333042,0.04447711254091345,-1.3770229359344637,0.010533232418110336,0.03956427079954162
1.486,-0.477435767984253,-0.4774343291787258,0.04471636420726672,-1.0154157877916776,0.010453655964686047,0.03999106455833848
1.488,-0.3878240788755311,-0.3878226424170358,0.044883267020463205,-0.6536309750928604,0.010373353324462306,0.040290153168603994
1.49,-0.2979509240017057,-0.2979494921811463,0.04497784332228974,-0.292246829561028,0.010292581455849159,0.04046012779848888
1.492,-0.20796083783394034,-0.2079594129318022,0.04500023084122328,0.06816126548870427,0.010211599298962103,0.04050041551526766
1.494,-0.11799796455178882,-0.11799654883447057,0.04495068201191,0.4270217820310447,0.010130666105955977,0.040411276266716985
1.496,-0.028205829461900728,-0.02820442517809722,0.044829563114222086,0.7837679444368388,0.010050039782691375,0.04019379458024043
1.498,0.06127288768268775,0.06127427830554499,0.044637353233987195,1.137838615410495,0.009969975252208687,0.03984986607471495
1.5,0.1502965771083472,0.15029795186765862,0.04437464304776165,1.4886791693886217,0.009890722850262275,0.03938217891232522
1.502,0.23872492084241884,0.23872627756391665,0.04404213343429002,1.8357423520554756,0.009812526762881472,0.038794190348876136
1.504,0.326419111586786,0.32642044812796,0.04364063391556,2.178489124658344,0.009735623515577843,0.03809009857103852
1.506,0.41324206830577026,0.41324338255929344,0.04317106093062167,2.5163894918355143,0.009660240523412505,0.037274810037508974
1.508,0.49905864819726303,0.49905993809429294,0.04263443594559486,2.848923311700949,0.009586594710676112,0.036353902567980614
1.51,0.5837358547230993,0.5837371182365675,0.04203188340353611,3.1755810869631196,0.009514891208420887,0.03533358444896909
1.512,0.6671430413822653,0.6671442765300719,0.041364628518077685,3.495864735890615,0.009445322137522387,0.034220649848771316
1.514,0.7491521109185935,0.7491533157667029,0.04063399491498493,3.8092883419740726,0.009378065484342675,0.03302243085502042
1.516,0.8296377096631146,0.8296388823286144,0.03984140212600468,4.115378881172552,0.009313284075420168,0.0317467464673202
1.518,0.9084774167202074,0.9084785553742581,0.038988362939595546,4.413676925672741,0.00925112465692938,0.03040184889419255
1.52,0.9855519277160741,0.9855530305867468,0.03807648061334128,4.703737323131122,0.009191717083940513,0.028996367517963095
1.522,1.060745232837878,1.0607462982129465,0.03710744595304998,4.985129850412512,0.009135173623769196,0.027539250903170512
1.524,1.1339447889020797,1.133945815131657,0.03608303426373483,5.257439840883015,0.009081588376945674,0.026039707233557238
1.526,1.2050416852010863,1.2050426707002047,0.03500510217785588,5.520268784361463,0.0090310368185552,0.02450714356964261
1.528,1.2739308028882574,1.2739317461393205,0.03387558436637678,5.773234898880565,0.008983575461912596,0.022951104323270223
1.53,1.3405109676725921,1.3405118672276957,0.03269649013835548,6.015973673457478,0.008939241645738904,0.021381209347351545
1.532,1.404685095606017,1.4046859500891948,0.03146989993494281,6.248138381122924,0.00889805344521194,0.019807092038306273
1.534,1.4663603317580811,1.4663611398674081,0.03019796172380819,6.469400561508488,0.008860009706470263,0.018238337845451688
1.536,1.5254481815850474,1.5254489420946091,0.02888288730014658,6.679450472343121,0.008825090203367098,0.016684423575859374
1.538,1.5818646348128036,1.5818653465745727,0.027526948500545392,6.877997509262122,0.00879325591450128,0.015154657875033563
1.54,1.635530281665684,1.6355309436112508,0.026132473336104085,7.064770593384818,0.008764449417801818,0.01365812325324382
1.542,1.6863704212861903,1.6863710324283485,0.02470184205130268,7.239518526170815,0.008738595399215452,0.012203620014550108
1.544,1.7343151622036794,1.7343157216379148,0.023237483115207933,7.402010311118876,0.008715601271347018,0.010799612430591476
1.546,1.7792995147233561,1.7793000216291621,0.02174186915168771,7.5520354419271785,0.008695357897235089,0.009454177484182195
1.548,1.8212634751203158,1.8212639287624022,0.020217512815374813,7.689404156788759,0.008677740413813882,0.008174956488796896
1.55,1.8601521015369245,1.8601525012662776,0.018666962620181218,7.813947658551323,0.008662609149020686,0.0069691098692648565
1.552,1.8959155814954862,1.895915926750273,0.01709279872721234,7.925518300526192,0.008649810625959695,0.005843275366579834
1.554,1.9285092909518737,1.9285095812582305,0.01549762869896832,8.023989737786861,0.00863917864703083,0.00480352990582173
1.556,1.9578938448296082,1.9578940798022733,0.013884083226745801,8.109257043853349,0.008630535450479352,0.0038553553409440824
1.558,1.984035138987717,1.9840353183305133,0.012254811838168674,8.181236792714241,0.008623692931420615,0.0030036082637783816
1.56,2.00690438358956,2.0069045070957543,0.010612478591780525,8.23986710619385,0.008618453919046984,0.002252494037219999
1.562,2.0264781278536756,2.0264781954061677,0.008959757765624358,8.285107666727189,0.008614613501432007,0.0016055451843733197
1.564,2.0427382761815283,2.042738287752921,0.007299329546717191,8.316939695660457,0.008611960389112057,0.001065604236631572
1.566,2.0556720956708414,2.0556720513233517,0.005633875728298104,8.335365897249329,0.008610278308449031,0.0006348111144381299
1.568,2.0652722150368987,2.065272114922123,0.0039660754216884276,8.340410368581363,0.008609347415659442,0.0003145950850104208
1.57,2.0715366149778403,2.0715364593363867,0.0022986007895521585,8.332118475702405,0.008608945722336347,0.00010567131179459612
1.572,2.0744686100334913,2.0744683991944646,0.000634112807283412,8.310556696279633,0.008608850523290374,8.041981047216993e-06
1.574,2.0740768220006474,2.0740765563809886,-0.001024742940824043,8.275812429186109,0.008608839817594454,2.100196189537416e-05
1.576,2.0703751449809635,2.0703748250846563,-0.0026753404240522204,8.22799377144281,0.008608693713832731,0.00014314892769135828
1.578,2.0633827021506566,2.0633823285677897,-0.004315077279898638,8.167229263004653,0.008608195810726577,0.0003723978386299486
1.58,2.053123794354089,2.053123367759786,-0.005941378874501886,8.093667599926318,0.00860713454453775,0.0007059996586075458
1.582,2.0396278406359487,2.039627361789158,-0.0075517023025866315,8.007477316492063,0.008605304494928988,0.0011405641533378445
1.584,2.0229293108391495,2.0229287805813065,-0.009143540320783213,7.908846436940934,0.008602507641293255,0.0016720865919557675
1.586,2.0030676504077407,2.0030670696612947,-0.010714425208307895,7.797982097464805,0.008598554561942091,0.0022959781508884738
1.588,1.9800871975460028,1.980086567312819,-0.012261932549129835,7.675110139201415,0.008593265568968216,0.003007099796788194
1.59,1.9540370928965096,1.9540364142561482,-0.013783684929899603,7.540474672988046,0.008586471772064593,0.0037997994049348287
1.592,1.9249711819112207,1.924970456019086,-0.015277355548071463,7.394337616683454,0.008578016065088314,0.004667951850843798
1.594,1.8929479101006548,1.8929471381860292,-0.016740671724817226,7.236978205906275,0.008567754029699347,0.005605001795961899
1.596,1.8580302113568137,1.8580293947207853,-0.018171418317503053,7.0686924790771934,0.008555554750977717,0.0066040088733937095
1.598,1.8202853895558142,1.8202845295690728,-0.01956744102668184,6.88979273768962,0.008541301540524083,0.007657694966653432
1.6,1.7797849936560834,1.7797840917566299,-0.02092664959274233,6.700606982769488,0.008524892563173883,0.008758493263548455
1.602,1.7366046865175009,1.736603744208232,-0.022247020877551753,6.501478328518968,0.008506241364100213,0.009898598758524472
1.604,1.6908241076759993,1.690823126522201,-0.023526601826630925,6.292764394171379,0.008485277293740847,0.01107001987017667
1.606,1.6425267303168416,1.6425257119435916,-0.024763512307609377,6.074836675115179,0.008461945828656274,0.01226463083618242
1.608,1.5917997126980923,1.5917986587875714,-0.025955947820922528,5.848079894373918,0.008436208787103723,0.013474224545649057
1.61,1.5387337442836526,1.5387326565723358,-0.027102182078933047,5.6128913355559495,0.008408044438792575,0.014690565468792792
1.612,1.483422886852641,1.483421767128457,-0.02820056944988386,5.369680158412886,0.00837744750896506,0.01590544234595446
1.614,1.4259644108588585,1.4259632609582469,-0.029249547263320404,5.118866698169026,0.008344429077618173,0.01711072030218428
1.616,1.366458627320566,1.3664574491254309,-0.03024763797385428,4.860881749805179,0.008309016375344369,0.01829839205994703
1.618,1.3050087155268204,1.3050075109614732,-0.031193451180379243,4.596165838499696,0.00827125247791544,0.019460627930854065
1.62,1.2417205468521526,1.2417193178801647,-0.032085685498092646,4.325168477446757,0.008231195902362182,0.020589824277650257
1.622,1.1767025049764197,1.1767012535973826,-0.03292313028092107,4.0483474142872575,0.008188920107908074,0.021678650149890042
1.624,1.1100653028112162,1.110064031057513,-0.0337046671921974,3.7661678674009167,0.00814451290569465,0.02272009181073575
1.6260000000000001,1.041921796438284,1.0419205063717836,-0.034429271621687275,3.479101753319391,0.008098075781785966,0.023707494887998413
1.6280000000000001,0.9723867963689196,0.9723854900775898,-0.03509601394731605,3.187626906529357,0.008049723138456234,0.02463460389980405
1.6300000000000001,0.9015768764364048,0.9015755560309628,-0.03570406064020154,2.8922262929415883,0.007999581459245593,0.025495598923983776
1.6320000000000001,0.8296101806360414,0.8296088482465352,-0.036252675211854025,2.593387218307085,0.007947788403710807,0.026285129200323505
1.6340000000000001,0.7566062282293723,0.7566048860016995,-0.03674121900266107,2.2916005328642677,0.007894491838198469,0.026998343476030064
1.6360000000000001,0.6826857174306914,0.6826843675231734,-0.037169151811032045,1.9873598335021248,0.007839848809325449,0.027630916927030933
1.6380000000000001,0.6079703279949338,0.6079689725748377,-0.03753603236283386,1.681160664723058,0.007784024467163089,0.028179074510874216
1.6400000000000001,0.5325825230265165,0.5325811642665291,-0.03784151862100594,1.3734997196859475,0.0077271909453862754,0.028639610630878783
1.6420000000000001,0.4566453503286732,0.4566439904034494,-0.03808536793549825,1.0648740426047278,0.007669526205864984,0.029009905015645564
1.6440000000000001,0.38028224361227786,0.3802808846949528,-0.038267437033930256,0.7557802337705063,0.00761121285534266,0.029287934742916338
1.6460000000000001,0.3036168238821088,0.30361546814077783,-0.038387681853621694,0.4467136584560014,0.0075524369419629,0.029472282361897525
1.6480000000000001,0.22677270131694865,0.2267713509112406,-0.038446157215896504,0.13816766094986455,0.007493386739472327,0.029562140093388617
1.6500000000000001,0.14987327795786617,0.14987193503548266,-0.038443016343809644,-0.16936721504472818,0.007434251526943748,0.02955731011220831
1.6520000000000001,0.07304155151647863,0.07304021820978496,-0.03837851022469174,-0.4754039984279203,0.007375220371829711,0.02945820094133537
1.6540000000000001,-0.0036000793880366917,-0.003601400965445585,-0.03825298681914893,-0.7794600539351254,0.00731648092407311,0.029265820011719637
1.6560000000000001,-0.07993000825793009,-0.07993131601454585,-0.03806689011839366,-1.0810578353995934,0.0072582182288695105,0.02898176246571714
1.6580000000000001,-0.15582761171059872,-0.15582890358031615,-0.03782075905201702,-1.3797256278827352,0.007200613565496494,0.028608196305414543
1.6600000000000001,-0.23117343814022395,-0.23117471208565213,-0.03751522624854343,-1.6749982775317642,0.007143843319400153,0.028147844009588033
1.6620000000000001,-0.30584939375542114,-0.3058506477710616,-0.03715101665133438,-1.9664179080483721,0.007088077894459739,0.027603960764554486
1.6640000000000001,-0.37973892570635,-0.37974015782176007,-0.03672894599262837,-2.253534622677967,0.007033480672040284,0.02698030947458823
1.666,-0.45272720202052635,-0.4527284103034472,-0.03624991912871977,-2.5359071906565007,0.006980207023092286,0.02628113273677447
1.668,-0.5247012880727902,-0.5247024706321811,-0.035714928239489005,-2.8131037170809408,0.006928403379169737,0.025511121983036986
1.67,-0.5955503193215154,-0.5955514743104919,-0.03512505089570012,-3.084702295200064,0.006878206367815537,0.02467538400851048
1.672,-0.6651656700501777,-0.6651667956689007,-0.03448144799767941,-3.350291640154299,0.006829742017309951,0.02377940512033339
1.674,-0.7334411178608158,-0.7334422123593369,-0.03378536158917955,-3.609471703226854,0.006783125035295891,0.02282901315423218
1.676,-0.8002730036737153,-0.8002740653546635,-0.03303811255041801,-3.8618542657032213,0.006738458165288341,0.02183033761788176
1.678,-0.8655603869958006,-0.8655614142170287,-0.03224109817445515,-4.1070635114723055,0.006695831624546915,0.0207897682298971
1.68,-0.9292051962287223,-0.9292061874058374,-0.031395789631247464,-4.344736577539838,0.0066553226262446455,0.019713912131390916
1.682,-0.9911123737964601,-0.9911133274053039,-0.030503729323873092,-4.574524081663302,0.006616994988305484,0.0186095500532823
1.684,-1.051190015881414,-1.0511909304603717,-0.029566528141581117,-4.7960906263572785,0.0065808988307120755,0.017483591726938162
1.686,-1.109349506567404,-1.1093503807196454,-0.028585862614462314,-5.009115278558862,0.006547070362507257,0.016343030828258286
1.688,-1.1655056461977333,-1.165506478593378,-0.027563471974676883,-5.213292024284471,0.006515531759131582,0.01519489974597596
1.69,-1.2195767737664782,-1.219577563144583,-0.026501155129304198,-5.408330197651997,0.006486291130158534,0.014046224463748924
1.692,-1.2714848831714065,-1.2714856283418772,-0.025400767550000525,-5.593954883685637,0.006459342576912609,0.012903979842583194
1.694,-1.3211557331674308,-1.3211564330128396,-0.02426421808476276,-5.7699072943649785,0.006434666338886985,0.011775045585298563
1.696,-1.3685189508701856,-1.3685196043474126,-0.023093465697199403,-5.935945117424731,0.006412229027320294,0.01066616315815451
1.698,-1.4135081286702251,-1.4135087348120108,-0.02189051613880428,-6.091842837456986,0.006391983943749856,0.009583893936465011
1.7,-1.4560609144294177,-1.456061472345812,-0.02065741855981344,-6.2373920289139395,0.006373871480834688,0.008534578831106495
1.702,-1.4961190948423437,-1.4961196037219788,-0.01939626206430148,-6.372401620655404,0.006357819602239052,0.007524299641341215
1.704,-1.5336286718568894,-1.5336291309681511,-0.018109172215240044,-6.496698131732359,0.0063437443978891644,0.00655884236642444
1.706,-1.5685399320597326,-1.5685403407518232,-0.016798307495298148,-6.610125878144894,0.006331550710464851,0.005643662694131799
1.708,-1.6008075089440237,-1.6008078666478474,-0.015465855729211796,-6.712547150360331,0.006321132828567107,0.004783853868735867
1.71,-1.630390437988261,-1.6303907442172025,-0.014114030473588182,-6.803842361424808,0.006312375241613986,0.003984117124187517
1.712,-1.6572522044871174,-1.6572524588377022,-0.01274506738003859,-6.883910165549241,0.006305153451163439,0.0032487348504344742
1.714,-1.6813607840867906,-1.681360986239174,-0.011361220537552993,-6.952667547098222,0.006299334833044474,0.0025815466420583185
1.716,-1.702688675989277,-1.7026888257076205,-0.00996475880003898,-7.010049879957887,0.006294779544399005,0.001985928358859086
1.718,-1.721212928801826,-1.7212130259345473,-0.008557962104947638,-7.056010957306257,0.006291341469497719,0.0014647743077943962
1.72,-1.7369151590196616,-1.736915203499521,-0.0071431177888996444,-7.0905229918566395,0.006288869197995066,0.001020482634921891
1.722,-1.74978156214187,-1.7497815539859443,-0.005722516906205949,-7.1135765866915985,0.00628720702913235,0.0006549439948362581
1.724,-1.7598029164321143,-1.7598028557416243,-0.004298450556149342,-7.125180676851444,0.006286195995284253,0.0003695335436732118
1.726,-1.7669745793475367,-1.7669744663075513,-0.002873206224855742,-7.125362441887262,0.006285674898173557,0.0001651062802109957
1.728,-1.771296476670814,-1.7712963115498046,-0.0014490641475375084,-7.1141671896340055,0.00628548135105127,4.1995738073572115e-05
1.73,-1.7727730843918486,-1.77277286754112,-2.8293696835464096e-05,-7.091658211504104,0.0062854528201547796,1.601066561234302e-08
1.732,-1.7714134033969702,-1.7714131352499622,0.0013868501970782233,-7.057916609646316,0.006285427658814554,3.846706938271814e-05
1.734,-1.767230927034764,-1.7672306081062128,0.0027941305890474503,-7.013041096358107,0.006285246127679556,0.00015614331497301303
1.736,-1.7602436016387526,-1.7602432325237325,0.004191332018622983,-6.957147766182551,0.006284751394672006,0.00035134528180668425
1.738,-1.750473780098075,-1.7504733614709072,0.005576263961480165,-6.890369841162697,0.0062837905084621995,0.0006218943953620493
1.74,-1.7379481685780422,-1.7379477011910789,0.006946764227245728,-6.812857389767254,0.006282215339472246,0.0009651506645788186
1.742,-1.7226977665029832,-1.7226972511852745,0.008300702298522705,-6.724777020041479,0.006279883482672235,0.0013780331729740024
1.744,-1.7047577999240995,-1.7047572375799265,0.009635982606017123,-6.626311547576055,0.006276659116721435,0.001857043215669291
1.746,-1.68416764840512,-1.6841670400124251,0.01095054773479252,-6.51765963892463,0.006272413814328711,0.002398289913839392
1.748,-1.6609707655683679,-1.660970112177063,0.012242381556808141,-6.3990354311373085,0.0062670272990579205,0.0029975181236495223
1.75,-1.6352145934534013,-1.6352138961835545,0.013509512285033718,-6.270668128112931,0.006260388144183329,0.003650138443589539
1.752,-1.606950470849663,-1.6069497308895915,0.014750015444577713,-6.132801574507098,0.006252394409604312,0.004351259112305621
1.754,-1.5762335357735497,-1.576232754377804,0.015962016756416647,-5.985693807965866,0.006242954213255001,0.005095719578642516
1.756,-1.543122622268983,-1.5431218007562064,0.017143694929470252,-5.829616590486527,0.006231986233890324,0.00587812551669488
1.758,-1.5076801517189056,-1.5076792914696286,0.018293284356930558,-5.664854919737011,0.006219420142591886,0.0066928850512704054
1.76,-1.469972018863151,-1.4699711213174662,0.01940907771292217,-5.491706521194161,0.006205196960812476,0.007534245953325041
1.762,-1.4300674727257976,-1.430066539380959,0.02048942844574582,-5.310481321988274,0.00618926934326339,0.008396333560666758
1.764,-1.3880389926624437,-1.3880380250703488,0.02153275316413735,-5.121500907367028,0.006171601784441079,0.009273189176553343
1.766,-1.3439621597447806,-1.3439611595094103,0.02253753391315933,-4.925097960715936,0.006152170748085745,0.010158808697736138
1.768,-1.29791552370643,-1.2979144924811912,0.023502320336532198,-4.721615688095076,0.006130964719361148,0.011047181224019499
1.77,-1.249980465680193,-1.2499794051651598,0.02442573172240595,-4.5114072282726525,0.006107984180038885,0.011932327403498966
1.772,-1.2002410569626665,-1.2002399689018015,0.02530645892977139,-4.294835049255238,0.006083241507458748,0.012808337271284123
1.774,-1.1487839140475822,-1.148782800225866,0.02614326619291173,-4.072270332332094,0.006056760798516173,0.013669407344668828
1.776,-1.095698050174212,-1.095696912414688,0.02693499280150048,-3.844092344666838,0.006028577620395553,0.014509876744337652
1.778,-1.0410747236417721,-1.0410735638025868,0.027680554654159542,-3.6106878014838975,0.005998738690221151,0.015324262119238269
1.78,-0.9850072831449144,-0.9850061031162786,0.02837894568350235,-3.3724502189096106,0.0059673014862329345,0.016107291162143534
1.782,-0.9275910103891322,-0.9275898120902125,0.02902923915089979,-3.129779258538533,0.005934333793510127,0.01685393451360266
1.784,-0.8689229602482191,-0.86892174562404,0.02963058880942183,-2.8830800648044397,0.005899913187658228,0.017559435863860686
1.786,-0.8091017987287965,-0.8091005697470812,0.03018222993362431,-2.6327625962426997,0.005864126460243185,0.01821934007532335
1.788,-0.7482276390093662,-0.7482263976573147,0.03068348021506832,-2.379240951736098,0.005827068990097506,0.01882951916216978
1.79,-0.6864018758233559,-0.6864006241044593,0.031133740522678387,-2.1229326928398558,0.0057888440649349745,0.019386195978669325
1.792,-0.6237270184571895,-0.6237257583879936,0.031532495527265045,-1.864258163283457,0.005749562157991941,0.019885965483539804
1.794,-0.5603065226355453,-0.5603052562423652,0.031879314189756945,-1.603639806747042,0.005709340164662066,0.020325813464184772
1.796,-0.496244621566655,-0.4962433508823454,0.03217385011290707,-1.3415014840084787,0.005668300604306717,0.020703132621756205
1.798,-0.43164615642074755,-0.4316448834814257,0.03241584175645653,-1.0782677905538596,0.005626570792603763,0.021015735935592618
1.8,-0.36661640651455873,-0.3666151333563487,0.03260511251595749,-0.8143633757390851,0.005584281989942536,0.021261867243564957
1.802,-0.30126091947420436,-0.3012596481299429,0.032741570665673674,-0.5502122645833439,0.005541568531481401,0.021440208993106058
1.804,-0.23568534164766536,-0.2356840741436863,0.032825209166192165,-0.28623718326681813,0.005498566944556484,0.021549887136085324
1.806,-0.16999524903664862,-0.16999398738955013,0.03285610533759383,-0.022858889394717807,0.005455415059165374,0.021590473159101238
1.808,-0.1042959790156844,-0.10429472522908236,0.032834420399240755,0.2395044919220775,0.005412251117248067,0.021561983259081548
1.81,-0.0386924631039929,-0.03869121916537047,0.032760398877448034,0.500438125132989,0.005369212886449599,0.021464874692189967
1.812,0.026710938947087867,0.02671217106953382,0.03263436788251296,0.7595311134386107,0.005326436783974838,0.02130003934182387
1.814,0.09181060349146992,0.09181182185198067,0.03245673625677748,1.0163771391014293,0.005284057016037006,0.02106879456884028
1.816,0.15650380549438722,0.15650500817268273,0.032227993595598886,1.2705750938895266,0.005242204738258264,0.020772871423959255
1.818,0.22068887895502687,0.22069006405933486,0.031948709143299274,1.521729698686093,0.005201007242204526,0.020414400318462693
1.82,0.28426537499790705,0.28426654066797524,0.031619530566355504,1.7694521113187383,0.005160587173028852,0.0199958942647338
1.822,0.34713421738990063,0.3471353617998845,0.031241182606278527,2.013360521685173,0.005121061782959998,0.0195202298127768
1.824,0.40919785524488494,0.409198976606209,0.030814465614813023,2.2530807332758003,0.005082542225106499,0.018990625822529885
1.826,0.4703604126834365,0.4703615092476245,0.030340253974265964,2.488246730219065,0.005045132891754274,0.01841062022445923
1.828,0.5305278352207822,0.5305289052821505,0.029819494405944655,2.7185012290020216,0.005008930801018922,0.017784044932523294
1.83,0.5896080326623452,0.5896090745606574,0.0292532041698517,2.943496214046415,0.0049740250353750666,0.017114999084060577
1.832,0.6475110182926814,0.6475120304157554,0.028642469158945333,3.1628934563496323,0.004940496235226523,0.016407820790422693
1.834,0.7041490441503766,0.704150024936547,0.027988441891428704,3.3763650144300805,0.004908416150305184,0.015667057590197625
1.836,0.7594367321885485,0.7594376801290857,0.027292339404680687,3.5835937168478074,0.004877847251295873,0.014897435803605724
1.838,0.8132912011279707,0.8132921147693909,0.02655544105458336,3.78427362560355,0.0048488424036816115,0.01410382899206903
1.84,0.86563218881748,0.8656330667637999,0.02577908622413745,3.978110479752669,0.004821444605391449,0.013291225731030264
1.842,0.9163821699242422,0.9163830108390801,0.02496467194538619,4.164822118604692,0.004795686789413887,0.012464696906815046
1.844,0.9654664687846167,0.965467271393225,0.02411365043879056,4.344138883914278,0.004771591692115796,0.011629362749683684
1.846,1.0128133672547635,1.012814130345982,0.02322752657431399,4.515804000505334,0.004749171787582178,0.010790359815209252
1.848,1.0583542074087573,1.0583549298368111,0.022307855258582723,4.679573934806684,0.004728429287869021,0.009952808124757536
1.85,1.1020234889408143,1.1020241696270265,0.021356238752588543,4.835218730815028,0.004709356208642393,0.009121778673151294
1.852,1.143758961137257,1.1437595990716785,0.020374323924493714,4.982522323038902,0.0046919344992645395,0.00830226150760394
1.854,1.1835017092930584,1.1835023035359336,0.0193637994421833,5.1212828260159,0.004676136235984674,0.007499134576741967
1.856,1.2211962354571662,1.2211967851403085,0.018326392910287804,5.2513128000344205,0.004661923876500744,0.006717133542044941
1.858,1.25679053340033,1.2567910377284028,0.017263867956468743,5.372439492730694,0.004649250573781313,0.005960822736367765
1.86,1.2902361577088082,1.2902366159604406,0.01617802127182177,5.484505056271668,0.004638060546675965,0.005234567445430354
1.862,1.3214882869170788,1.3214886984458858,0.015070679610305726,5.5873667398744296,0.004628289504500495,0.004542507678329695
1.864,1.3505057806025649,1.350506144838061,0.013943696752151905,5.680897057453298,0.004619865122461744,0.0038885335823194314
1.866,1.3772512303753126,1.377251546823667,0.01279895043624551,5.764983930226161,0.004612707564487971,0.0032762626453893824
1.868,1.40169100470559,1.4016912729502744,0.011638339266500892,5.8395308041523775,0.004606730049756014,0.0027090188176435302
1.87,1.4237952875424276,1.4237955072447563,0.010463779597273643,5.904456742115183,0.00460183945895765,0.002189813669206403
1.872,1.4435381106862382,1.4435382815857492,0.009277202402865972,5.959696490802272,0.004597936976125899,0.0017213296884748433
1.874,1.4608973798887543,1.4608975018034862,0.008080550136186943,6.005200522278757,0.004594918761648809,0.0013059058100686164
1.8760000000000001,1.4758548946636598,1.4758549674902934,0.006875773581626354,6.040935050287167,0.0045926766519343186,0.000945525246915818
1.8780000000000001,1.4883963618013896,1.4883963855152755,0.005664828707189993,6.066882021349358,0.004591098881056245,0.0006418056856360771
1.8800000000000001,1.4985114025916555,1.4985113772466983,0.004449673520925091,6.083039080785124,0.00459007081960853,0.00039599188885643783
1.8820000000000001,1.5061935537672833,1.5061934794957073,0.003232264936637837,6.089419513801889,0.0045894757259233275,0.000208950732412368
1.8840000000000001,1.511440262192919,1.511440139204918,0.0020145556538700505,6.086052161849077,0.004589195504768298,8.116868965079572e-05
1.8860000000000001,1.514252873332057,1.5142527019153038,0.0007984910570594625,6.072981314469417,0.0045891114686298015,1.2751759364078757e-05
1.8880000000000001,1.5146366135356375,1.5146363940546805,-0.00041399386124217705,6.050266576917706,0.0045891050967111395,3.427818342924139e-06
1.8900000000000001,1.512600566205157,1.512600299100693,-0.0016209775482768595,6.0179827138550905,0.0045890587868284115,5.255136424035317e-05
1.8920000000000001,1.508157641892804,1.5081573276808276,-0.002820554905362935,5.976219469463957,0.0045888565954701616,0.0001591105994833383
1.8940000000000001,1.5013245424105581,1.501324181681396,-0.004010840263874253,5.925081364364748,0.004588384961400118,0.00032173679244629775
1.8960000000000001,1.4921217190294744,1.4921213124466974,-0.005189970318317301,5.864687469751551,0.004587533408324021,0.0005387158381002917
1.8980000000000001,1.480573324859483,1.480572873158707,-0.00635610701199469,5.795171159198039,0.004586195222310569,0.0008080019269585613
1.9000000000000001,1.4667071615089644,1.4667066654965386,-0.007507440370837029,5.716679838619117,0.004584268099851734,0.0011272332184334725
1.9020000000000001,1.4505546201321007,1.4505540806836767,-0.008642191281085641,5.62937465490669,0.004581654762667529,0.0014937494027774535
1.9040000000000001,1.4321506169805283,1.4321500350395333,-0.009758614206615432,5.533430183789805,0.004578263535603198,0.0019046110246711307
1.9060000000000001,1.4115335235841278,1.4115329001601262,-0.010854999841800418,5.4290340975005025,0.0045740088842310825,0.002356620431309742
1.9080000000000001,1.3887450916938688,1.3887444278608128,-0.011929677695943696,5.316386812856601,0.004568811909053107,0.00284634419858193
1.9100000000000001,1.3638303731274486,1.3638296700218426,-0.01298101860541876,5.195701120401419,0.004562600793501051,0.00337013688068456
1.9120000000000001,1.3368376346660522,1.336836893485015,-0.014007437169799882,5.067201795268211,0.004555311203248507,0.003924165921317827
1.9140000000000001,1.3078182681578623,1.3078174901570987,-0.015007394108395484,4.93112519046354,0.0045468866346783775,0.00450443755849407
1.9160000000000001,1.276826695990982,1.2768258824826468,-0.015979398533739853,4.787718813289131,0.004537278710690932,0.005106823550001747
1.9180000000000001,1.2439202721051767,1.2439194244556802,-0.016922010138744843,4.63724088564581,0.00452644742238735,0.005727088542715665
1.92,1.209159178718289,1.2091582983460076,-0.01783384129436424,4.479959888985871,0.00451436131552023,0.006360917906251424
1.922,1.1726063189493163,1.1726054073222119,-0.018713559054778953,4.3161540947016865,0.004500997620963228,0.007003945849933987
1.924,1.1343272055259757,1.13432626415915,-0.0195598870672707,4.146111080758488,0.004486342328814656,0.007651783641687672
1.926,1.094389845770066,1.094388876223256,-0.020371607384115416,3.970127235397956,0.004470390206111986,0.008300047748250916
1.928,1.052864623059125,1.0528636269341234,-0.021147562173994647,3.788507248756607,0.004453144758493713,0.008944387718059384
1.93,1.009824174967702,1.0098231539056903,-0.021886655330593655,3.6015635932589345,0.004434618136499417,0.009580513631204072
1.932,0.96534326829606,0.9653422239749275,-0.022587853976228377,3.4096159936596724,0.0044148309875461185,0.010204222945028322
1.934,0.9194986711982637,0.919497605329852,-0.0232501898585196,3.212990887622663,0.0043938122549567835,0.010811426569144153
1.936,0.8723690226253861,0.8723679369526599,-0.0238727606383114,3.012020877735316,0.004371598925743293,0.011398174009882201
1.938,0.8240346993030029,0.8240335955972238,-0.02445473106721173,2.807044175867777,0.004348235729159033,0.011960677431393011
1.94,0.7745776804651983,0.7745765605230357,-0.02499533405331571,2.598404040794479,0.004323774788333914,0.01249533448873688
1.942,0.7240814105700024,0.7240802762105837,-0.025493871613856498,2.3864482100028797,0.00429827522758508,0.012998749797275964
1.944,0.6726306602235067,0.6726295132854871,-0.0259497157137141,2.171528326619745,0.004271802738258323,0.01346775491245161
1.946,0.620311385541855,0.6203102278804287,-0.026362308988899064,1.953999362389439,0.004244429106196654,0.013899426704523767
1.948,0.5672105861818881,0.5672094196657961,-0.026731165354315092,1.7342190376412507,0.00421623170415228,0.01429110402399471
1.95,0.513416162272423,0.5134149887809085,-0.0270558704952922,1.5125472391838481,0.004187292952655201,0.014640402565160459
1.952,0.4590167704789794,0.45901559189878693,-0.027336082242569632,1.289345437064525,0.004157699753024558,0.014945227847450615
1.954,0.40410167943521547,0.4041004976575576,-0.027571530830595117,1.0649761011289596,0.004127542896357008,0.01520378624684914
1.956,0.34876062477442205,0.34875944169191475,-0.02776201903919385,0.8398021183138112,0.004096916452448899,0.015414594022651234
1.958,0.2930836639941231,0.2930824814977828,-0.027907422218846602,0.6141862115995604,0.004065917142705305,0.01557648429801946
1.96,0.23716103138617395,0.23715985136239467,-0.028007688200001275,0.3884903615446703,0.0040346437011587605,0.015688611966169812
1.962,0.1810829932637107,0.1810818175912246,-0.028062837087025564,0.16307523131433144,0.004003196227763378,0.01575045650745875
1.964,0.12493970371491112,0.12493853426182625,-0.028072960937590277,-0.061700403892161026,0.003971675538146087,0.01576182271606939
1.966,0.06882106111176484,0.06881989973259657,-0.028038223328452527,-0.2854802221219912,0.0039401825139859965,0.01572283934832359
1.968,0.012816565599936502,0.012815414132636307,-0.027958858808785576,-0.5079109137759655,0.003908817458155589,0.015633955717792136
1.97,-0.0429848222066646,-0.04298596194358793,-0.027835172242377054,-0.7286427336741995,0.0038776794586942672,0.01549593627525596
1.972,-0.09849482110581029,-0.09849594731616282,-0.02766753804018942,-0.9473300452270296,0.0038468657655959743,0.015309853224106572
1.974,-0.1536259675437345,-0.15362707845649728,-0.02745639928494564,-1.1636318558738508,0.0038164711842793137,0.015077077233887267
1.976,-0.20829175199462124,-0.20829284586670507,-0.02720226674956879,-1.3772123429698608,0.0037865874894714574,0.014799266326293919
1.978,-0.2624067532724713,-0.2624078283914517,-0.026905717811466494,-1.587741369319215,0.003757302863077326,0.014478353019005307
1.98,-0.31588677056916115,-0.3158878252559867,-0.026567395264809356,-1.7948949875728317,0.0037287013594243007,0.014116529823132292
1.982,-0.3686489530169592,-0.3686499856285437,-0.026188006033107017,-1.9983559327299771,0.003700862401071248,0.01371623319980099
1.984,-0.4206119265785248,-0.42061293551031476,-0.02576831978453524,-2.197814102004804,0.0036738603081505486,0.013280126090361407
1.986,-0.47169591807246597,-0.4716969017609236,-0.02530916745261304,-2.3929670213421246,0.0036477638639744892,0.012811079142888145
1.988,-0.5218228761478733,-0.5218238330729239,-0.024811439664969587,-2.583520297890885,0.0036226359193846083,0.012312150764968523
1.99,-0.5709165890268627,-0.5709175177142137,-0.02427608508307637,-2.7691880577689783,0.003598533038055951,0.011786566139215263
1.992,-0.6189027988400428,-0.6189036978634525,-0.023704108655950854,-2.9496933684791884,0.003575505184689698,0.011237695343462483
1.994,-0.6657093123859601,-0.6657101803694495,-0.023096569790963153,-3.1247686453631034,0.003553595457738934,0.010669030722176634
1.996,-0.7112661081519601,-0.7112669437718903,-0.022454580444997152,-3.2941560415077835,0.003532839868015514,0.01008416365921697
1.998,-0.7555054394405223,-0.755506241427607,-0.0217793031393316,-3.4576078205487213,0.00351326716422293,0.009486760904697987
2.0,-0.7983619334519618,-0.7983627005932153,-0.021071948901715185,-3.614886711842151,0.0034948987061527883,0.008880540610329916
